name,code,resource,herbs,part,slice,prepmethods,alias
伸筋草,6130250100104005,石松科,伸筋草,全草,段,nan,nan
卷柏,6130350100104002,卷柏科,卷柏,全草,段,nan,九死还魂
卷柏炭,6130350100104415,卷柏科,卷柏,全草,段,炒炭,九死还魂炭
木贼,6130550500104002,木贼科,木贼,地上部分,段,nan,木贼草
紫萁贯众,6131310500103004,紫其科,紫萁贯众,根茎和叶柄残基,片,nan,nan
海金沙,6131790100100007,海金沙科,海金沙,成熟孢子,nan,nan,nan
狗脊,6131910500103006,蚌壳蕨科,狗脊,根茎,厚片,nan,金毛狗脊
烫狗脊,6131910500103228,蚌壳蕨科,狗脊,根茎,厚片,砂烫,砂炒狗脊
绵马贯众,6134510500103005,鳞毛蕨科,绵马贯众,根茎和叶柄残基,厚片,nan,贯众
绵马贯众炭,6134510500103418,鳞毛蕨科,绵马贯众,根茎和叶柄残基,厚片,炒炭,贯众炭
骨碎补,6135610500103001,水龙骨科,骨碎补,根茎,厚片,nan,毛姜、猴姜
烫骨碎补,6135610500103223,水龙骨科,骨碎补,根茎,厚片,砂烫,烫毛姜、烫猴姜
石韦,6135620700104005,水龙骨科,石韦,叶,段,nan,nan
银杏叶,614022070010000,银杏科,银杏叶,叶,nan,nan,白果叶
白果仁,614024050010000,银杏科,白 果,成熟种仁,去硬壳,nan,白果、银杏
炒白果仁,6140240500100117,银杏科,白 果,种子,去硬壳,炒黄,炒白果、熟白果
油松节,6140420400105003,松科,油松节,瘤状节或分枝节,薄片或小块,nan,nan
土荆皮,6140420600106008,松科,土荆皮,根皮或近根树皮,丝,nan,nan
松花粉,6140430500100006,松科,松花粉,花粉,nan,nan,nan
侧柏叶,6140621200100001,柏科,侧柏叶,枝梢和叶,去硬梗,nan,nan
侧柏炭,6140621200100414,柏科,侧柏叶,枝梢和叶,去硬梗,炒炭,侧柏叶炭
柏子仁,6140640500100009,柏科,柏子仁,成熟种仁,去残留的种皮,nan,nan
柏子仁霜,6140640500100832,柏科,柏子仁,种仁,nan,制霜,nan
榧子,6140940600100009,红豆杉科,框子,种子,去壳取仁,nan,榧子仁、香榧子
麻黄根,6141010300103002,麻黄科,麻黄根,根和根茎,厚片,nan,nan
麻黄,614102888704008,麻黄科,麻黄,草质茎,段,nan,nan
蜜麻黄,614102888704350,麻黄科,麻黄,草质茎,段,蜜炙,炙麻黄
三白草,6150250500104005,三白草科,三白草,地上部分,段,nan,nan
干鱼腥草,6150250500204002,三白草科,鱼腥草,全草或地上部分,段,nan,干蕺菜
鲜鱼腥草,6150250500208000,三白草科,鱼腥草,全草或地上部分,鲜用,nan,nan
海风藤,6150320100103002,胡椒科,海风藤,藤茎,厚片,nan,nan
胡椒,6150340200100008,胡椒科,胡椒,果实,nan,nan,黑胡椒、白胡椒
荜菱,6150340200200005,胡椒科,荜菱,近成熟或成熟果穗,nan,nan,nan
肿节风,6150450100104003,金粟兰科,肿节风,全草,段,nan,草珊瑚、接骨金粟兰
核桃仁,6150740600100002,胡桃科,核桃仁,成熟种子,nan,nan,胡桃仁、胡桃肉
桑枝,6151220200103003,桑科,桑枝,嫩枝,厚片,nan,nan
炒桑枝,6151220200103119,桑科,桑枝,嫩枝,厚片,炒黄,nan
桑白皮,6151220600106000,桑科,桑白皮,根皮,丝,nan,桑根皮
蜜桑白皮,6151220600106352,桑科,桑白皮,根皮,丝,蜜炙,炙桑白皮
桑叶,6151220700107006,柔科,桑叶,叶,搓碎,nan,冬桑叶、霜柔叶
桑椹,6151240200100000,桑科,桑椹,果穗,nan,nan,桑椹子
楮实子,6151240200200007,桑科,楮实子,成熟果实,nan,nan,构树子
火麻仁,6151240200300004,桑科,火麻仁,成熟果实,nan,nan,大麻仁、麻仁
炒火麻仁,6151240200300110,桑科,火麻仁,成熟果实,nan,炒黄,炒大麻仁、炒麻仁
檀香,615182040010700,檀香科,檀香,树干的心材,小碎块,nan,nan
桑寄生,6151921200103009,桑寄生科,桑寄生,带叶茎枝,厚片、短段,nan,广寄生
槲寄生,6151921200203006,桑寄生科,槲寄生,带叶茎枝,厚片,nan,nan
细辛,6152010300104005,马兜铃科,细辛,根和根茎,段,nan,华细辛、北细辛、辽细辛
马兜铃,6152040200107004,马兜铃科,马兜铃,果实,碎片,nan,nan
蜜马兜铃,6152040200107356,马兜铃科,马兜铃,成熟果实,碎片,蜜炙,炙马兜铃
天仙藤,6152050500104009,马兜铃科,天仙藤,地上部分,段,nan,马兜铃藤
大黄,6152310300103009,蓼科,大黄,根和根茎,厚片或块,nan,生大黄、川大黄、川军
酒大黄,6152310300103313,蓼科,大黄,根和根茎,厚片或块,酒炙,酒炙大黄、酒军
大黄炭,6152310300103412,蓼科,大黄,根和根茎,厚片或块,炒炭,川军炭、军炭
熟大黄,6152310300103610,蓼科,大黄,根和根茎,厚片或块,酒炖或酒蒸,熟军
虎杖,6152310300203006,蓼科,虎杖,根和根茎,厚片,nan,nan
何首乌,6152310400103008,蓼科,何首乌,块根,厚片或块,nan,首乌
制何首乌,6152310400103695,蓼科,何首乌,块根,厚片或块,黑豆汁炖或蒸,制首乌
拳参,6152310500102000,蓼科,拳参,根茎,薄片,nan,nan
金荞麦,6152310500203004,萝科,金荞麦,根茎,厚片,nan,nan
首乌藤,6152320100104007,蓼科,首乌藤,藤茎,段,nan,夜交藤
蓼大青叶,6152320700100003,蓼科,蓼大青叶,叶,nan,nan,nan
水红花子,6152340200100006,蓼科,水红花子,成熟果实,nan,nan,nan
篇蓄,6152350500104000,蓼科,篇蓄,地上部分,段,nan,nan
杠板归,6152350500204007,蓼科,杠板归,地上部分,段,nan,nan
地肤子,6152440200100003,藜科,地肤子,成熟果实,nan,nan,nan
川牛膝,6152510100102008,苋科,川牛膝,根,薄片,nan,nan
酒川牛膝,6152510100102312,苋科,川牛膝,根,薄片,酒炙,nan
牛膝,6152510100204009,苋科,牛膝,根,段,nan,怀牛膝
酒牛膝,6152510100204313,苋科,牛膝,根,段,酒炙,酒怀牛膝
鸡冠花,6152530100104000,苋科,鸡冠花,花序,段,nan,nan
鸡冠花炭,6152530100104413,苋科,鸡冠花,花序,段,炒炭,nan
青箱子,6152540600100006,苋科,青箱子,成熟种子,nan,nan,nan
生商陆,6152710100103009,商陆科,商陆,根,厚片或块,nan,商陆
醋商陆,6152710100103320,商陆科,商陆,根,厚片或块,醋炙,nan
马齿苋,6152950500104002,马齿苋科,马齿苋,地上部分,段,nan,马舌菜
银柴胡,6153110100103006,石竹科,银柴胡,根,厚片,nan,nan
金铁锁,6153110100200002,石竹科,金铁锁,根,nan,nan,nan
太子参,6153110400100002,石竹科,太子参,块根,nan,nan,孩儿参、童参
王不留行,6153140600100007,石竹科,王不留行,成熟种子,nan,nan,nan
炒王不留行,6153140600100113,石竹科,王不留行,成熟种子,nan,清炒,nan
瞿麦,6153150500104005,石竹科,瞿麦,地上部分,段,nan,nan
藕节,6153210500100008,睡莲科,藕节,根茎节部,nan,nan,nan
藕节炭,615321050010041,睡莲科,藕节,根茎节部,nan,炒炭,nan
荷叶,6153220700106007,睡莲科,荷叶,叶,丝,nan,nan
荷叶炭,6153220700107424,睡莲科,荷叶,叶,丝,煅炭,nan
莲房,6153230400107006,睡莲科,莲房,花托,碎片,nan,nan
莲房炭,6153230400107419,睡莲科,莲房,花托,碎片,炒炭,nan
莲须,6153230500100006,睡莲科,莲须,雄蕊,nan,nan,莲蕊、莲子须
芡实,6153240500100005,睡莲科,芡实,成熟种仁,nan,nan,nan
麸炒芡实,6153240500100210,睡莲科,芡实,种仁,nan,麸炒,nan
莲子,615324060020000,睡莲科,莲子,成熟种子,切开，去心,nan,莲子肉、莲蓬子
莲子心,6153240900100001,睡莲科,莲子心,成熟种子中的干燥幼叶和胚根,nan,nan,莲心
白头翁,6153710100102001,毛莨科,白头翁,根,薄片,nan,nan
白 芍,6153710100202008,毛莨科,白 芍,根,薄片,nan,杭白芍、毫白芍、川白芍
炒白芍,6153710100202114,毛莨科,白 芍,根,薄片,炒黄,炒杭白芍、炒毫白芍、炒川白芍
酒白芍,6153710100202312,毛莨科,白 芍,根,薄片,酒炙,酒杭白芍、酒毫白芍、酒川白芍
赤芍,6153710100303002,毛莨科,赤芍,根,厚片,nan,赤芍药
威灵仙,6153710300104003,毛莨科,威灵仙,根和根茎,段,nan,灵仙、铁脚灵仙
生川乌,6153710400100004,毛莨科,川乌,母根,nan,nan,nan
制川乌,6153710400103708,毛莨科,川乌,母根,片,煮,川乌、川乌头、乌头
天葵子,6153710400200001,毛莨科,天葵子,块根,nan,nan,紫背天葵
附片  ,6153710400303009,毛莨科,附子,子根,片,nan,附子、黑顺片、白附片
炮附片,6153710400303221,毛莨科,附子,子根,片,砂烫,炮附子
淡附片,6153710400303719,毛莨科,附子,子根,片,甘草、黑豆制,淡附子
生草乌,6153710400400005,毛莨科,草乌,块根,nan,nan,nan
制草乌,6153710400500705,毛莨科,制草乌,块根,nan,煮,草乌
猫爪草,6153710400600009,毛莨科,猫爪草,块根,nan,nan,nan
升麻,6153710500103004,毛莨科,升麻,根茎,厚片,nan,nan
两头尖,6153710500200000,毛莨科,两头尖,根茎,nan,nan,nan
黄连片,6153710500302001,毛莨科,黄连,根茎,薄片,nan,黄连、味连、雅连、云连
酒黄连,6153710500302315,毛莨科,黄连,根茎,薄片,酒炙,酒炒黄连、酒味连、酒雅连、酒云连
姜黄连,6153710500302346,毛莨科,黄连,根茎,薄片,姜汁炙,姜味连、姜雅连、姜云连
萸黄连,6153710500302384,毛莨科,黄连,根茎,薄片,吴茱萸汁炙,萸味连、萸雅连、萸云连
川木通,6153720100103007,毛莨科,川木通,藤茎,厚片,nan,nan
牡丹皮,6153720600102005,毛莨科,牡丹皮,根皮,薄片,nan,丹皮、粉丹皮
草乌叶,6153720700100000,毛莨科,草乌叶,叶,nan,nan,nan
黑种草子,6153740600100009,毛莨科,黑种草子,种子,nan,nan,黑香种草子
大血藤,6153820100103004,木通科,大血藤,藤茎,厚片,nan,红藤
木通,6153820100203001,木通科,木通,藤茎,片,nan,nan
野木瓜,6153821200100009,木通科,野木瓜,带叶茎枝,nan,nan,nan
预知子,6153840200100000,木通科,预知子,近成熟果实,nan,nan,八月札
三颗针,6153910100103002,小檗科,三颗针,根,片,nan,nan
淫羊藿,6153920700206003,小檗科,淫羊藿,叶,丝,nan,仙灵脾
炙淫羊藿,6153920700206362,小檗科,淫羊藿,叶,丝,羊脂油炙,制淫羊藿、炙仙灵脾
巫山淫羊藿,6153920700306000,小檗科,巫山淫羊藿,叶,丝,nan,nan
炙巫山淫羊藿,6153920700306369,小檗科,巫山淫羊藿,叶,丝,羊脂油炙,nan
功劳木,6153920900105007,小檗科,功劳木,茎,块或厚片,nan,十大功劳
小叶莲,6153940200100007,小檗科,小叶莲,果实,nan,nan,nan
防己,6154010100103008,防己科,防己,根,厚片,nan,粉防己、汉防己
金果榄,6154010400203002,防己科,金果榄,块根,厚片,nan,青牛胆
北豆根,6154010500103004,防己科,北豆根,根茎,厚片,nan,nan
青风藤,6154020100103007,防己科,青风藤,藤茎,厚片,nan,青藤
黄藤,6154020100204001,防己科,黄藤,藤茎,段,nan,nan
亚乎奴,6154050100100003,防己科,亚乎奴,全株,nan,nan,锡生藤
滇鸡血藤,6154120100200000,木兰科,滇鸡血藤,藤茎,nan,nan,nan
地枫皮,6154120500107008,木兰科,地枫皮,树皮,打碎,nan,钻地风、追地枫
厚朴,6154120500206008,木兰科,厚朴,干皮，根皮和枝皮,丝,nan,川朴、川厚朴
姜厚朴,6154120500206343,木兰科,厚朴,干皮，根皮和枝皮,丝,姜汁炙,炙厚朴、制厚朴
辛夷,6154130300100000,木兰科,辛夷,花蕾,nan,nan,木笔花、望春花
厚朴花,6154130300200007,木兰科,厚朴花,花蕾,nan,nan,川朴花
八角茴香,6154140200100000,木兰科,八角茴香,果实,nan,nan,大茴香、八角
五味子,6154140200200007,木兰科,五味子,成熟果实,nan,nan,北五味子
醋五味子,6154140200200625,木兰科,五味子,成熟果实,nan,醋蒸,醋北五味子
南五味子,6154140200300004,木兰科,南五味子,成熟果实,nan,nan,nan
醋南五味子,6154140200300325,木兰科,南五味子,果实,nan,醋炙,nan
肉豆蔻,6154440500100008,肉豆蔻科,肉豆蔻,种仁,nan,nan,玉果
麸煨肉豆蔻,6154440500100800,肉豆蔻科,肉豆蔻,种子,nan,麸煨,煨肉豆蔻
乌药,6154510400102003,樟科,乌药,块根,薄片,nan,台乌药
桂枝,6154520200103001,樟科,桂枝,嫩枝,厚片,nan,桂枝尖
肉桂,6154520500100007,樟科,肉桂,树皮,去粗皮,nan,官桂、企边桂
荜澄茄,6154540200100008,樟科,荜澄茄,果实,nan,nan,山鸡椒
天然冰片,6154590800100007,樟科,天然冰片,加工品,nan,nan,右旋龙脑
延胡索,6154710600103002,罂粟科,延胡索,块茎,厚片,nan,元胡、玄胡索
醋延胡索,6154710600103323,罂粟科,延胡索,块茎,厚片,醋炙或醋煮,醋元胡、醋玄胡索
夏天无,6154710600200008,罂粟科,夏天无,块茎,nan,nan,nan
罂粟壳,6154740400106002,罂粟科,罂粟壳,果壳,丝,nan,nan
蜜罂粟壳,6154740400106354,罂粟科,罂粟壳,果壳,丝,蜜炙,nan
苦地丁,6154750100104000,罂粟科,苦地丁,全草,段,nan,nan
白屈菜,6154750100204007,罂粟科,白屈菜,全草,段,nan,nan
板蓝根,6154910100103001,十字花科,板蓝根,根,厚片,nan,nan
高山辣根菜,6154910300100008,十字花科,高山辣根菜,根和根茎,nan,nan,nan
大青叶,6154920700107002,十字花科,大青叶,叶,碎片,nan,nan
芥子,6154940600100002,十字花科,芥子,成熟种子,nan,nan,白芥子
炒芥子,6154940600100118,十字花科,芥子,种子,nan,炒黄,炒白芥子
莱菔子,6154940600200009,十字花科,莱菔子,成熟种子,nan,nan,萝卜子
炒莱菔子,6154940600200115,十字花科,莱菔子,成熟种子,nan,炒黄,炒萝卜子
葶苈子,6154940600300006,十字花科,葶苈子,成熟种子,nan,nan,nan
炒葶苈子,6154940600300112,十字花科,葶苈子,成熟种子,nan,炒黄,nan
薪冀,6154950500104000,十字花科,薪冀,地上部分,段,nan,nan
红景天,6155510300103000,景天科,红景天,根和根茎,片,nan,nan
垂盆草,6155550100104005,景天科,垂盆草,全草,段,nan,nan
瓦松,6155550500104001,景天科,瓦松,地上部分,段,nan,nan
常山,6155610100102002,虎耳草科,常山,根,薄片,nan,nan
炒常山,6155610100102118,虎耳草科,常山,根,薄片,炒黄,nan
岩白菜,6155610500100004,虎耳草科,岩白菜,根茎,nan,nan,nan
路路通,6155840200100008,金缕梅科,路路通,成熟果序,nan,nan,枫树球、枫香果
苏合香,6155890200100003,金缕梅科,苏合香,树脂,nan,nan,苏合油
枫香脂,6155890200200000,金缕梅科,枫香脂,树脂,nan,nan,白云香、白胶香
杜仲,6155920500106006,杜仲科,杜仲,树皮,块或丝,nan,nan
盐杜仲,6155920500106334,杜仲科,杜仲,树皮,块或丝,盐炙,nan
杜仲叶,6155920700100002,杜仲科,杜仲叶,叶,nan,nan,nan
地榆,6156110100103003,蔷薇科,地榆,根,厚片,nan,nan
地榆炭,6156110100103416,蔷薇科,地榆,根,厚片,炒炭,nan
桃枝,6156120200104008,蔷薇科,桃枝,枝条,段,nan,nan
山楂叶,6156120700100005,蔷薇科,山楂叶,叶,nan,nan,nan
枇杷叶,6156120700206004,蔷薇科,枇杷叶,叶,丝,nan,nan
蜜枇杷叶,6156120700206356,蔷薇科,枇杷叶,叶,丝,蜜炙,炙枇杷叶
月季花,6156130200100009,蔷薇科,月季花,花,nan,nan,月月红
玫瑰花,6156130300100008,蔷薇科,玫瑰花,花蕾,nan,nan,nan
梅花,6156130300200005,蔷薇科,梅花,花蕾,nan,nan,白梅花、绿萼梅
净山楂,6156140200100008,蔷薇科,山楂,成熟果实,去核,nan,山楂、山楂片
炒山楂,6156140200100114,蔷薇科,山楂,果实,去核,炒黄,nan
焦山楂,6156140200100121,蔷薇科,山楂,成熟果实,去核,炒焦,nan
乌梅,6156140200200005,蔷薇科,乌梅,近成熟果实,nan,nan,酸梅
乌梅炭,6156140200200418,蔷薇科,乌梅,近成熟果实,nan,炒炭,炒乌梅
乌梅肉,6156140200200609,蔷薇科,乌梅,近成熟果实,nan,蒸软，去核,nan
木瓜,6156140200302006,蔷薇科,木瓜,近成熟果实,薄片,nan,宣木瓜、川木瓜
金樱子,6156140200400009,蔷薇科,金樱子,成熟果实,nan,nan,nan
金樱子肉,6156140200500006,蔷薇科,金樱子,果实,纵切两瓣，去毛、核,nan,nan
蕤仁,6156140200700000,蔷薇科,蕤仁,成熟果核,nan,nan,芮仁
覆盆子,6156140200800007,蔷薇科,覆盆子,果实,nan,nan,nan
苦杏仁,6156140600100004,蔷薇科,苦杏仁,成熟种子,nan,nan,杏仁
炒苦杏仁,6156140600100110,蔷薇科,苦杏仁,成熟种子,nan,炒黄,炒杏仁
焊苦杏仁,6156140600100820,蔷薇科,苦杏仁,种子,nan,焊去皮,焊杏仁
郁李仁,6156140600200001,蔷薇科,郁李仁,成熟种子,nan,nan,nan
桃仁,6156140600300008,蔷薇科,桃仁,成熟种子,nan,nan,nan
炒桃仁,6156140600300114,蔷薇科,桃仁,成熟种子,nan,取焊桃仁，炒黄,nan
焊桃仁,6156140600300824,蔷薇科,桃仁,种子,nan,焊去皮,nan
委陵菜,6156150100204003,蔷薇科,委陵菜,全草,段,nan,nan
蓝布正,6156150100304000,蔷薇科,蓝布正,全草,段,nan,nan
翻白草,6156150100404007,蔷薇科,翻白草,全草,段,nan,nan
仙鹤草,6156150500104002,蔷薇科,仙鹤草,地上部分,段,nan,nan
红芪,6156310100103007,豆科,红芪,根,厚片,nan,nan
炙红芪,6156310100103359,豆科,红芪,根,厚片,蜜炙,蜜红芪
苦参,6156310100303001,豆科,苦参,根,厚片,nan,nan
黄芪,6156310100603002,豆科,黄芪,根,厚片,nan,nan
炙黄芪,6156310100603354,豆科,炙黄芪,根,厚片,蜜炙,蜜黄芪
粉葛,6156310100703009,豆科,粉葛,根,厚片或块,nan,nan
葛根,6156310100803006,豆科,葛根,根,厚片,nan,nan
山豆根,6156310300103005,豆科,山豆根,根和根茎,厚片,nan,广豆根
甘草,6156310300203002,豆科,甘草,根和根茎,厚片,nan,粉甘草
炙甘草,6156310300203354,豆科,甘草,根和根茎,厚片,蜜炙,蜜甘草
鸡血藤,6156320100103006,豆科,鸡血藤,藤茎,片,nan,nan
皂角刺,6156320300103004,豆科,皂角刺,棘刺,厚片,nan,天丁、皂刺针
苏木,6156320400103003,豆科,苏木,心材,片或细粉,nan,苏方木
降香,6156320400205004,豆科,降香,树干和根的心材,小块，碾成细粉或镑片,nan,降真香、紫降香
合欢皮,6156320500106003,豆科,合欢皮,树皮,丝或块,nan,夜合欢皮
番泻叶,6156320700100009,豆科,番泻叶,小叶,nan,nan,泻叶
槐花,6156330200100003,豆科,槐花,花和花蕾,nan,nan,槐米
炒槐花,6156330200100119,豆科,槐花,花和花蕾,nan,炒黄,炒槐米
槐花炭,6156330200100416,豆科,槐花,花和花蕾,nan,炒炭,槐米炭
合欢花,6156330300100002,豆科,合欢花,花蕾或花序,nan,nan,合欢米
猪牙皂,6156340200100002,豆科,猪牙皂,不育果实,nan,nan,牙皂
补骨脂,6156340200200009,豆科,补骨脂,成熟果实,nan,nan,破故纸、黑故脂
盐补骨脂,6156340200200337,豆科,补骨脂,成熟果实,nan,盐炙,盐破故纸、盐黑故脂
槐角,6156340200300006,豆科,槐角,成熟果实,nan,nan,nan
蜜槐角,6156340200300358,豆科,槐角,果实,nan,蜜炙,nan
大皂角,6156340200407002,豆科,大皂角,果实,捣碎,nan,nan
赤小豆,6156340600100008,豆科,赤小豆,成熟种子,nan,nan,红豆、赤豆
榼藤子,6156340600200005,豆科,榼藤子,种子,nan,nan,nan
刀豆,6156340600300002,豆科,刀豆,种子,nan,nan,刀豆子
白扁豆,6156340600400009,豆科,白扁豆,成熟种子,nan,nan,扁豆
炒白扁豆,6156340600400115,豆科,白扁豆,成熟种子,nan,炒黄,炒扁豆
决明子,6156340600500006,豆科,决明子,成熟种子,nan,nan,nan
炒决明子,6156340600500112,豆科,决明子,成熟种子,nan,炒黄,nan
沙苑子,6156340600600003,豆科,沙苑子,成熟种子,nan,nan,潼蒺藜、沙苑蒺藜
盐沙苑子,6156340600600331,豆科,沙苑子,种子,nan,盐炙,盐潼蒺藜、盐沙苑蒺藜
胡芦巴,6156340600700000,豆科,胡芦巴,成熟种子,nan,nan,葫芦巴
盐胡芦巴,6156340600700338,豆科,胡芦巴,种子,nan,盐炙,盐葫芦巴
黑豆,6156340600800007,豆科,黑豆,种子,nan,nan,nan
鸡骨草,6156350100104000,豆科,鸡骨草,全株，除去荚果,段,nan,nan
广金钱草,6156350500104006,豆科,广金钱草,地上部分,段,nan,nan
儿茶,6156390800100001,豆科,儿茶,去皮枝、干的干燥煎膏,nan,nan,孩儿茶
大豆黄卷,6156390800200862,豆科,大豆黄卷,加工品,nan,发芽,nan
淡豆豉,6156390800300876,豆科,淡豆豉,成熟种子的发酵加工品,nan,发酵,豆豉
老鹳草,6156550500104000,雅牛儿苗科,老鹳草,地上部分,段,nan,nan
亚麻子,6156740600100006,亚麻科,亚麻子,成熟种子,nan,nan,胡麻子、大胡麻
蒺藜,6156940200100004,蒺藜科,蒺藜,成熟果实,nan,nan,白蒺藜、刺蒺藜
炒蒺藜,6156940200100110,蒺藜科,蒺藜,成熟果实,nan,炒黄,炒白蒺藜、炒刺蒺藜
两面针,6157010100103005,芸香科,两面针,根,片或段,nan,nan
关黄柏,6157020500106001,芸香科,关黄柏,树皮,丝,nan,nan
盐关黄柏,6157020500106339,芸香科,关黄柏,树皮,丝,盐炙,nan
关黄柏炭,6157020500106414,芸香科,关黄柏,树皮,丝,炒炭,nan
黄柏,6157020500206008,芸香科,黄柏,树皮,丝,nan,川黄柏
盐黄柏,6157020500206336,芸香科,黄柏,树皮,丝,盐水炙,盐川黄柏
黄柏炭,6157020500206411,芸香科,黄柏,树皮,丝,炒炭,川黄柏炭
白鲜皮,6157020600103009,芸香科,白鲜皮,根皮,厚片,nan,nan
九里香,6157021200207005,芸香科,九里香,叶和嫩枝,碎片,nan,nan
枳实,6157040100102005,芸香科,枳实,幼果,薄片,nan,nan
麸炒枳实,6157040100102210,芸香科,枳实,幼果,薄片,麸炒,nan
枳壳,6157040100202002,芸香科,枳壳,未成熟果实,薄片,nan,nan
麸炒枳壳,6157040100202217,芸香科,枳壳,未成熟果实,薄片,麸炒,nan
香橼,6157040200105005,芸香科,香橼,成熟果实,小块或丝,nan,香圆
佛手,6157040200202001,芸香科,佛手,果实,薄片,nan,陈佛手、佛手柑
吴茱萸,6157040200300004,芸香科,吴茱萸,近成熟果实,nan,nan,nan
制吴茱萸,6157040200300370,芸香科,吴茱萸,近成熟果实,nan,甘草汁炙,甘草制吴茱萸
化橘红,6157040400106000,芸香科,化橘红,未成熟或近成熟的外层果皮,丝或块,nan,nan
花椒,6157040400200005,芸香科,花椒,成熟果皮,除去椒目、果柄等,nan,川椒、蜀椒
炒花椒,6157040400200111,芸香科,花椒,果皮,nan,炒黄,炒川椒、炒蜀椒
陈皮,6157040400306004,芸香科,陈皮,成熟果皮,丝,nan,橘皮、广陈皮
青皮,615704040040600,芸香科,青皮,幼果或未成熟果实的果皮,厚片或丝,nan,nan
醋青皮,6157040400406322,芸香科,青皮,幼果或未成熟果实的果皮,厚片或丝,醋炙,nan
橘红,6157040400507005,芸香科,橘红,外层果皮,碎,nan,nan
橘核,6157040600100006,芸香科,橘核,成熟种子,nan,nan,nan
盐橘核,6157040600100334,芸香科,橘核,成熟种子,nan,盐水炙,nan
椿皮,6157120600106007,苦木科,椿皮,根皮或干皮,丝或段,nan,椿白皮
麸炒椿皮,6157120600106212,苦木科,椿皮,根皮或干皮,丝或段,麸炒,麸炒椿白皮
苦木,6157121200103007,苦木科,苦木,枝和叶,枝切片，叶切丝,nan,nan
鸦胆子,6157140200100007,苦木科,鸦胆子,果实,除去果壳,nan,苦参子
青果,6157240200100004,橄榄科,青果,成熟果实,nan,nan,橄榄
没药,6157290200100009,橄榄科,没药,树脂,nan,nan,nan
醋没药,6157290200100320,橄榄科,没药,树脂,nan,醋炙,nan
乳香,6157290200200006,橄榄科,nan,乳香,树脂,nan,nan
醋乳香,6157290200200327,橄榄科,nan,乳香,树脂,nan,醋炙
苦楝皮,6157320500106002,楝科,nan,苦楝皮,树皮和根皮,丝,nan
川楝子,6157340200100001,楝科,nan,川楝子,成熟果实,nan,nan
炒川楝子,6157340200100117,楝科,nan,川楝子,成熟果实,nan,炒黄
远志,6157510100104007,远志科,nan,远志,根,段,nan
制远志,6157510100104717,远志科,nan,远志,根,段,甘草水煮
瓜子金,6157550100104003,远志科,nan,瓜子金,全草,段,nan
京大戟,6157710100103004,大戟科,nan,京大戟,根,厚片,nan
醋京大戟,6157710100103325,大戟科,nan,京大戟,根,厚片,醋炙
生狼毒,6157710100203001,大戟科,nan,狼毒,根,片,nan
醋狼毒,6157710100203322,大戟科,nan,狼毒,根,片,醋炙
生甘遂,6157710400100000,大戟科,nan,甘遂,块根,nan,nan
醋甘遂,6157710400100321,大戟科,nan,甘遂,块根,nan,醋炙
龙脚叶,6157720700100006,大戟科,nan,龙脚叶,叶,nan,nan
生巴豆,6157740200100009,大戟科,nan,巴豆,果实,去皮取净仁,nan
巴豆霜,6157740200100832,大戟科,nan,巴豆,果实,nan,制霜或取仁碾细，加适量淀粉使脂肪油含量符合规定
余甘子,6157740200200006,大戟科,nan,余甘子,果实,nan,nan
千金子,6157740600100005,大戟科,nan,千金子,种子,nan,nan
千金子霜,6157740600100838,大戟科,nan,千金子,种子,nan,制霜
蓖麻子,6157740600200002,大戟科,nan,蓖麻子,种子,用时去壳,nan
地锦草,6157750100104007,大戟科,nan,地锦草,全草,段,nan
飞扬草,6157750100504005,大戟科,nan,飞扬草,全草,段,nan
广枣,6158340200100000,漆树科,nan,广枣,果实,nan,nan
干漆,6158390200100418,漆树科,干漆,树脂,nan,炒炭,干漆炭
五倍子,6158390900100008,漆树科,五倍子,叶上的虫瘿,nan,nan,nan
救必应,6158520500103004,冬青科,救必应,树皮,片,nan,nan
四季青,615852070010000,冬青科,四季青,叶,nan,nan,nan
枸骨叶,6158520700200008,冬青科,枸骨叶,叶,nan,nan,功劳叶
山香圆叶,615892070010600,省沽油科,山香圆叶,叶,丝,nan,nan
娑罗子,6159240600100008,七叶树科,娑罗子,成熟种子,去外壳,nan,梭罗子
荔枝核,6159340600100005,无患子科,荔枝核,成熟种子,nan,nan,nan
盐荔枝核,6159340600100333,无患子科,荔枝核,成熟种子,nan,盐水炙,nan
龙眼肉,6159340800100003,无患子科,龙眼肉,假种皮,nan,nan,桂圆肉
急性子,6159540600100009,凤仙花科,急性子,成熟种子,nan,nan,凤仙花子
大枣,6159640200100000,鼠李科,大枣,成熟果实,破开或去核,nan,红枣
酸枣仁,6159640600100006,鼠李科,酸枣仁,成熟种子,去残留壳核，用时捣碎,nan,枣仁
炒酸枣仁,6159640600100112,鼠李科,酸枣仁,成熟种子,nan,炒黄,炒枣仁
白鼓,6159710400103009,葡萄科,白鼓,块根,厚片,nan,nan
布渣叶,6159920700100008,椴树科,布渣叶,叶,nan,nan,nan
木芙蓉叶,6160020700106003,锦葵科,木芙蓉叶,叶,丝,nan,芙蓉叶
黄蜀葵花,6160030100100006,锦葵科,黄蜀葵花,花冠,nan,nan,nan
冬葵果,6160040200100004,锦葵科,冬葵果,成熟果实,nan,nan,nan
苘麻子,6160040600100000,锦葵科,苘麻子,种子,nan,nan,nan
木棉花,6160130200100002,木棉科,木棉花,花,nan,nan,nan
胖大海,6160240600100004,梧桐科,胖大海,成熟种子,nan,nan,大海、安南子
贯叶金丝桃,6160750500100009,藤黄科,贯叶金丝桃,地上部分,nan,nan,nan
冰片,6160890800100009,龙脑香科,冰片,加工品,nan,nan,合成龙脑、梅片、龙脑香
西河柳,6161121200104007,柽柳科,西河柳,细嫩枝叶, 段,nan,柽柳
紫花地丁,6161450100107000,堇菜科,紫花地丁,全草,碎品,nan,地丁草、地丁
小通草,6161620300104004,旌节花科,小通草,茎髓,段,nan,nan
沉香,6162320400105008,瑞香科,沉香,含有树脂的木材,小块,nan,nan
芫花,6162330300100003,瑞香科,芫花,花蕾,nan,nan,nan
醋芫花,6162330300100324,瑞香科,芫花,花蕾,nan,醋炙,nan
沙棘,6162440200100000,胡颓子科,沙棘,果实,nan,nan,nan
石榴皮,6162840400105001,石榴科,石榴皮,果皮,块,nan,nan
石榴皮炭,6162840400105414,石榴科,石榴皮,果皮,块,炒炭,nan
西青果,6163340100100003,使君子科,西青果,幼果,nan,nan,藏青果
毛诃子,6163340200100002,使君子科,毛诃子,果实,nan,nan,nan
诃子,6163340200200009,使君子科,诃子,成熟果实,nan,nan,nan
诃子肉,6163340200300006,使君子科,诃子,果实,去核,nan,诃黎勒
使君子,6163340200400003,使君子科,使君子,成熟果实,nan,nan,nan
使君子仁,6163340200500000,使君子科,使君子,果实,除去外壳,nan,nan
炒使君子仁,6163340200500116,使君子科,使君子,果实,nan,炒黄,nan
丁香,6163430300100009,桃金娘科,丁香,花蕾,nan,nan,公丁香
母丁香,6163440200100009,桃金娘科,母丁香,果实,nan,nan,nan
锁阳,6164121100102001,锁阳科,锁阳,肉质茎,薄片,nan,nan
西洋参,6164210100102002,五加科,西洋参,根,薄片,nan,洋参、花旗参
人参,6164210300102000,五加科,人参,根和根茎,薄片,nan,生晒参
红参,6164210300102604,五加科,人参,根和根茎,薄片,蒸,nan
三七粉,6164210300207002,五加科,三七,根和根茎,细粉,nan,三七、田七、田山七、参三七
刺五加,6164210300300000,五加科,刺五加,根，根茎和茎,nan,nan,nan
竹节参,6164210500100004,五加科,竹节参,根茎,nan,nan,竹三七、竹节三七
珠子参,6164210500200001,五加科,珠子参,根茎,nan,nan,纽子七、珠儿参
通草,6164220300103006,五加科,通草,茎髓,厚片,nan,方通草、大通草、川通草、通脱木
五加皮,6164220600103003,五加科,五加皮,根皮,厚片,nan,南五加皮
人参叶,616422070010000,五加科,人参叶,叶,nan,nan,参叶
北沙参,6164310100104003,伞形科,北沙参,根,段,nan,北条参
白 芷,6164310100203003,伞形科,白 芷,根,厚片,nan,川白芷、杭白芷
当归,6164310100302003,伞形科,当归,根,薄片,nan,全当归
酒当归,6164310100302317,伞形科,当归,根,薄片,酒炙,nan
防风,6164310100503004,伞形科,防风,根,厚片,nan,关防风、北防风
明党参,6164310100603001,伞形科,明党参,根,厚片,nan,nan
前胡,616431010070200,伞形科,前胡,根,薄片,nan,信前胡
蜜前胡,6164310100702353,伞形科,前胡,根,薄片,蜜炙,炙前胡
独活,6164310100802008,伞形科,独活,根,薄片,nan,川独活
南柴胡,6164310100903002,伞形科,南柴胡,根,厚片,nan,nan
醋南柴胡,6164310100903323,伞形科,柴胡,根,厚片,醋炙,nan
柴胡,6164310101003008,伞形科,柴胡,根,厚片,nan,北柴胡
醋柴胡,6164310101003329,伞形科,醋柴胡,根,厚片,醋炙,醋北柴胡
紫花前胡,6164310101102008,伞形科,紫花前胡,根,薄片,nan,nan
羌活,6164310300103004,伞形科,羌活,根和根茎,厚片,nan,川羌
菜本,616431030020300,伞形科,藁本,根和根茎,厚片,nan,西芎
川芎,6164310500103002,伞形科,川芎,根茎,厚片,nan,川芎片、芎穷
小茴香,616434020010000,伞形科,小茴香,成熟果实,nan,nan,茴香
盐小茴香,6164340200100339,伞形科,小茴香,成熟果实,nan,盐水炙,盐茴香
南鹤虱,6164340200203009,伞形科,南鹤虱,果实,片,nan,nan
蛇床子,6164340200300005,伞形科,蛇床子,成熟果实,nan,nan,nan
积雪草,6164350100104009,伞形科,积雪草,全草,段,nan,积雪、落得打
阿魏,6164390200100006,伞形科,阿魏,树脂,nan,nan,臭阿魏
山萸肉,6164440400100006,山茱萸科,山茱萸,成熟果肉,去果核,nan,山茱萸
酒萸肉,6164440400100617,山茱萸科,山茱萸,成熟果肉,nan,酒炖或酒蒸,酒山茱萸
鹿衔草,6170350100104000,鹿蹄草科,鹿衔草,全草,段,nan,鹿含草、鹿蹄草
满山红,6170420700100006,杜鹃花科,满山红,叶,nan,nan,nan
闹羊花,6170430200100000,杜鹃花科,闹羊花,花,nan,nan,羊踯躅
朱砂根,6170510200104007,紫金牛科,朱砂根,根,段,nan,nan
矮地茶,6170550100104004,紫金牛科,矮地茶,全草,段,nan,紫金牛、平地木
金钱草,617065010010400,报春花科,金钱草,全草,段,nan,川金钱草
柿蒂,6170930800100009,柿树科,柿蒂,宿萼,nan,nan,nan
安息香,6171190200100002,安息香科,安息香,树脂,nan,nan,金银香
秦皮,6171220500106005,木犀科,秦皮,枝皮或干皮,丝,nan,北秦皮
暴马子皮,6171220500206002,木犀科,暴马子皮,干皮或枝皮,丝,nan,nan
女贞子,6171240200100004,木犀科,女贞子,成熟果实,nan,nan,nan
酒女贞子,6171240200100615,木犀科,女贞子,成熟果实,nan,酒炖或酒蒸,制女贞子
连翘,617124020020000,木犀科,连翘,果实,nan,nan,黄连翘、青连翘
密蒙花,6171330300100001,马钱科,密蒙花,花蕾和花序,nan,nan,蒙花
马钱子粉,6171340600107006,马钱科,马钱子,种子,研碎，加适淀粉使含量符合规定,nan,nan
生马钱子,6171340600100007,马钱科,马钱子,种子,nan,nan,nan
制马钱子,6171340600100229,马钱科,马钱子,种子,nan,砂烫,制马钱子、制番木鳖
秦艽,6171410100103003,龙胆科,秦艽,根,厚片,nan,西大艽、左秦艽
龙胆,6171410300104008,龙胆科,龙胆,根和根茎,段,nan,龙胆草、胆草
坚龙胆,6171410300204005,龙胆科,坚龙胆,根和根茎,段,nan,龙胆、龙胆草、胆草
青叶胆,6171450100104006,龙胆科,青叶胆,全草,段,nan,nan
当药,6171450100204003,龙胆科,当药,全草,段,nan,nan
红花龙胆,6171450100304000,龙胆科,红花龙胆,全草,段,nan,nan
罗布麻叶,6171520700100002,夹竹桃科,罗布麻叶,叶,nan,nan,罗布麻
络石藤,6171521200104002,夹竹桃科,络石藤,带叶藤茎,段,nan,nan
白 前,6171610300104002,萝摩科,白 前,根和根茎,段,nan,nan
蜜白前,6171610300104354,萝摩科,白 前,根和根茎,段,蜜炙,炙白前
白薇,6171610300204009,萝摩科,白薇,根和根茎,段,nan,nan
徐长卿,6171610300304006,萝摩科,徐长卿,根和根茎,段,nan,寮刁竹、逍遥竹、遥竹逍
通关藤,6171620100103006,萝摩科,通关藤,藤茎,片,nan,nan
香加皮,6171620600103001,萝摩科,香加皮,根皮,厚片,nan,北五加皮
丁公藤,6171720100103003,旋花科,丁公藤,藤茎,片,nan,nan
牵牛子,6171740600100005,旋花科,牵牛子,成熟种子,nan,nan,二丑、白丑、黑丑
炒牵牛子,617174060010011,旋花科,牵牛子,成熟种子,nan,炒黄,炒二丑、炒白丑、炒黑丑
菟丝子,6171740600200002,旋花科,菟丝子,成熟种子,nan,nan,吐丝子
盐菟丝子,6171740600200330,旋花科,菟丝子,种子,nan,盐炙,盐吐丝子
紫草,6172010100102007,紫草科,紫草,根,薄片,nan,新疆紫草、内蒙紫草、软紫草
牡荆叶,6172120700300007,马鞭草科,牡荆叶,新鲜叶,nan,nan,nan
紫珠叶,6172120700404002,马鞭草科,紫珠叶,叶,段,nan,nan
大叶紫珠,6172121200104003,马鞭草科,大叶紫珠,叶和嫩枝,段,nan,nan
广东紫珠,6172121200204000,马鞭草科,广东紫珠,茎枝和叶,段,nan,nan
蔓荆子,6172140200100006,马鞭草科,蔓荆子,成熟果实,nan,nan,nan
炒蔓荆子,6172140200100112,马鞭草科,蔓荆子,成熟果实,nan,清炒,nan
马鞭草,6172150500104000,马鞭草科,马鞭草,地上部分,段,nan,nan
酒黄芩,6172210100102315,唇形科,黄芩,根,薄片,酒炙,酒炒黄芩
黄芩片,6172210100102605,唇形科,黄芩,根,薄片,煮法,黄芩、子芩、枯芩
丹参,6172210300103006,唇形科,丹参,根和根茎,厚片,nan,紫丹参、赤丹参
酒丹参,6172210300103310,唇形科,丹参,根和根茎,厚片,酒炙,酒紫丹参、酒赤丹参
紫苏叶,6172220700107009,唇形科,紫苏叶,叶或带嫩枝的叶,碎品,nan,苏叶
紫苏梗,6172220900103009,唇形科,紫苏梗,茎,厚片,nan,苏梗
荆芥穗,6172230700100009,唇形科,荆芥穗,花穗,nan,nan,nan
荆芥穗炭,6172230700100412,唇形科,荆芥穗,花穗,nan,炒炭,nan
茺蔚子,6172240200100003,唇形科,茺蔚子,成熟果实,nan,nan,茺玉子
炒茺蔚子,6172240200100119,唇形科,茺蔚子,果实,nan,清炒,炒芜玉子
紫苏子,6172240200200000,唇形科,紫苏子,成熟果实,nan,nan,苏子
炒紫苏子,6172240200200116,唇形科,紫苏子,成熟果实,nan,炒黄,炒苏子
夏枯草,6172240200300007,唇形科,夏枯草,果穗,nan,nan,nan
半枝莲,617225010010400,唇形科,半枝莲,全草,段,nan,nan
筋骨草,6172250100204008,唇形科,筋骨草,全草,段,nan,nan
广藿香,6172250500104007,唇形科,广藿香,地上部分,段,nan,藿香
连钱草,6172250500204004,唇形科,连钱草,地上部分,段,nan,活血丹、透骨消
泽兰,617225050030400,唇形科,泽兰,地上部分,段,nan,nan
荆芥,6172250500404008,唇形科,荆芥,地上部分,段,nan,nan
荆芥炭,6172250500404411,唇形科,荆芥,地上部分,段,炒炭,nan
香薷,6172250500504005,唇形科,香薷,地上部分,段,nan,nan
干益母草,6172250500604002,唇形科,益母草,地上部分,段,siG,坤草、茺蔚草
鲜益母草,6172250500608000,唇形科,益母草,地上部分,鲜用,nan,nan
薄荷,6172250500704009,唇形科,薄荷,地上部分,短段,nan,nan
冬凌草,6172250500804006,唇形科,冬凌草,地上部分,段,nan,nan
独一味,6172250500907004,唇形科,独一味,地上部分,碎片,nan,nan
断血流,6172250501004009,唇形科,断血流,地上部分,段,nan,灯笼草
薄荷脑,6172290800100002,唇形科,薄荷脑,加工品,nan,nan,nan
华山参,6172310100100004,茄科,华山参,根,nan,nan,nan
地骨皮,6172320600100008,茄科,地骨皮,根皮,除去木心,nan,nan
洋金花,6172330200100001,茄科,洋金花,花,nan,nan,曼陀罗花、凤茄花、白曼陀罗花
锦灯笼,6172330800100005,茄科,锦灯笼,宿萼或带果实的宿萼,nan,nan,nan
枸杞子,6172340200200007,茄科,枸杞子,成熟果实,nan,nan,枸杞、甘枸杞
辣椒,6172340200300004,茄科,辣椒,果实,nan,nan,nan
天仙子,6172340600100006,茄科,天仙子,种子,nan,nan,莨菪子
颠茄草,6172350100100000,茄科,颠茄草,全草,nan,nan,nan
玄参,6172410100102005,玄参科,玄参,根,薄片,nan,元参
地黄,6172410400103009,玄参科,地黄,块根,厚片,nan,生地、生地黄、干生地
熟地黄,6172410400103610,玄参科,地黄,块根,厚片,酒炖或蒸,熟地
胡黄连,6172410500102001,玄参科,胡黄连,根茎,薄片,nan,胡连
苦玄参,6172450100100007,玄参科,苦玄参,全草,nan,nan,nan
洪连,6172450100200004,玄参科,洪连,全草,nan,nan,nan
北刘寄奴,6172450100304009,玄参科,北刘寄奴,全草,段,nan,nan
凌霄花,6172530200100005,紫葳科,凌霄花,花,nan,nan,紫薇花
木蝴蝶,6172540600100000,紫葳科,木蝴蝶,成熟种子,nan,nan,千张纸、玉蝴蝶
黑芝麻,6172640600200004,脂麻科,黑芝麻,成熟种子,nan,nan,胡麻、胡麻仁
炒黑芝麻,6172640600200110,脂麻科,黑芝麻,种子,nan,炒黄,炒胡麻、炒胡麻仁
麻油,6172690800100000,脂麻科,麻油,加工品,nan,nan,nan
肉苁蓉片,6172821100103006,列当科,肉苁蓉,带鳞叶的肉质茎,厚片,nan,肉苁蓉、大芸
酒苁蓉,6172821100103310,列当科,肉苁蓉,带鳞叶的肉质茎,厚片,酒炙,酒肉苁蓉、酒大芸
石吊兰,6172950500104006,苦苣苔科,石吊兰,地上部分,段,nan,nan
南板蓝根,6173110300103008,爵床科,南板蓝根,根和根茎,厚片,nan,nan
穿心莲,6173150500104009,爵床科,穿心莲,地上部分,段,nan,一见喜
小驳骨,6173150500204006,爵床科,小驳骨,地上部分,段,nan,臭黄藤、驳骨丹
车前子,6173440600100002,车前科,车前子,成熟种子,nan,nan,nan
盐车前子,6173440600100330,车前科,车前子,种子,nan,盐炙,nan
车前草,6173450100104004,车前科,车前草,全草,段,nan,nan
巴戟天,6173510100100007,茜草科,巴戟天,根,nan,nan,nan
巴戟肉,6173510100104609,茜草科,巴戟天,根,段,蒸透，除去木心,nan
盐巴戟天,6173510100104630,茜草科,巴戟天,根,段,盐蒸,nan
制巴戟天,6173510100104715,茜草科,巴戟天,根,段,甘草汁煮,nan
茜草,6173510300103006,茜草科,茜草,根和根茎,厚片或段,nan,nan
茜草炭,6173510300103419,茜草科,茜草,根和根茎,厚片或段,炒炭,nan
红大戟,6173510400103005,茜草科,红大戟,块根,厚片,nan,京大戟
钩藤,6173520200104003,茜草科,钩藤,带钩茎枝,段,nan,双钩、双钩藤
栀子,6173540200107002,茜草科,栀子,成熟果实,碾碎,nan,nan
炒栀子,6173540200107118,茜草科,栀子,成熟果实,碾碎,炒黄,nan
焦栀子,6173540200107125,茜草科,栀子,果实,碾碎,炒焦,nan
忍冬藤,6173620200204007,忍冬科,忍冬藤,茎枝,段,nan,金银藤、银花藤
山银花,6173630200100001,忍冬科,山银花,花蕾或带初开的花,nan,nan,nan
金银花,6173630200200008,忍冬科,金银花,花蕾或带初开的花,nan,nan,忍冬花、银花、二花、双花
甘松,6173810300103007,败酱科,甘松,根和根茎,片,nan,nan
蜘蛛香,6173810300203004,败酱科,蜘蛛香,根和根茎,片,nan,nan
续断片,6173910100103006,川续断科,续断,根,厚片,nan,续断、川断、川续断
酒续断,6173910100103310,川续断科,续断,根,厚片,酒炙,酒川断、酒川续断
盐续断,6173910100103334,川续断科,续断,根,厚片,盐炙,盐川断、盐川续断
翼首草,6173950100104009,川续断科,翼首草,全草,段,nan,nan
天花粉,6174010100103002,葫芦科,天花粉,根,厚片,nan,花粉、瓜萎根、栝楼根
土贝母,6174010600100006,葫芦科,土贝母,块茎,nan,nan,nan
瓜萎,6174040200105002,葫芦科,瓜萎,成熟果实,丝或块,nan,全瓜萎、栝楼
罗汉果,6174040200200004,葫芦科,罗汉果,果实,nan,nan,nan
丝瓜络,6174040400104003,葫芦科,丝瓜络,成熟果实的维管束,段,nan,nan
冬瓜皮,6174040400205007,葫芦科,冬瓜皮,外层果皮,块或宽丝,nan,nan
瓜萎皮,6174040400306001,葫芦科,瓜萎皮,成熟果皮,丝,nan,栝萎皮
木鳖子,6174040600107002,葫芦科,木鳖子,种子,去壳取仁捣碎,nan,nan
木鳖子霜,6174040600100836,葫芦科,木鳖子,种子,nan,制霜,nan
瓜萎子,6174040600200000,葫芦科,瓜萎子,成熟种子,除去干瘪种子,nan,瓜萎仁、栝楼子、栝楼仁
炒瓜萎子,6174040600200116,葫芦科,瓜萎子,种子,除去干瘪种子,炒黄,炒瓜萎仁、炒栝楼子、炒栝楼仁
甜瓜子,6174040600300007,葫芦科,甜瓜子,种子,nan,nan,nan
西瓜霜,6174090800100839,葫芦科,西瓜霜,加工品,nan,制霜,nan
南沙参,6174110100103009,桔梗科,南沙参,根,厚片,nan,沙参
党参片,6174110100203006,桔梗科,党参,根,厚片,nan,党参、潞党、台党
米炒党参,6174110100203259,桔梗科,党参,根,厚片,米炒,米炒潞党、米炒台党
桔梗,6174110100303003,桔梗科,桔梗,根,厚片,nan,北桔梗、南桔梗、苦桔梗、玉桔梗
半边莲,6174150100104002,桔梗科,半边莲,全草,段,nan,nan
土木香,6174410100103000,菊科,土木香,根,片,nan,nan
川木香,6174410100203007,菊科,川木香,根,厚片,nan,nan
煨川木香,6174410100203809,菊科,川木香,根,厚片,煨,nan
木香,6174410100303004,菊科,木香,根,厚片,nan,广木香、云木香
煨木香,6174410100303806,菊科,木香,根,厚片,煨,煨广木香、煨云木香
禹州漏芦,6174410100403001,菊科,禹州漏芦,根,厚片,nan,nan
漏芦,6174410100503008,菊科,漏芦,根,厚片,nan,nan
紫菀,6174410300103008,菊科,紫菀,根和根茎,厚片或段,nan,nan
蜜紫菀,6174410300103350,菊科,紫菀,根和根茎,厚片或段,蜜炙,炙紫菀
白 术,6174410500203003,菊科,白 术,根茎,厚片,nan,nan
麸炒白术,6174410500203218,菊科,白 术,根茎,厚片,蜜炙麸皮炒,炒白术
苍术,6174410500303000,菊科,苍术,根茎,厚片,nan,茅苍术
麸炒苍术,6174410500303215,菊科,苍术,根茎,厚片,麸炒,麸炒茅苍术
艾叶,6174420700100002,菊科,艾叶,叶,去梗,nan,nan
醋艾炭,617442070010094,菊科,艾叶,叶,去梗,炒炭，喷醋,nan
旋覆花,6174430100100007,菊科,旋覆花,头状花序,去梗、叶,nan,nan
蜜旋覆花,6174430100100359,菊科,旋覆花,头状花序,去梗、叶,蜜炙,炙旋覆花
菊花,6174430100200004,菊科,菊花,头状花序,nan,nan,白菊花、毫菊、杭菊、甘菊、滁菊、贡菊
野菊花,6174430100300001,菊科,野菊花,头状花序,nan,nan,nan
红花,6174430200100006,菊科,红花,花,nan,nan,nan
款冬花,6174430300100005,菊科,款冬花,花蕾,去残梗,nan,冬花
蜜款冬花,6174430300100357,菊科,款冬花,花蕾,去残梗,蜜炙,炙款冬花、炙冬花
水飞蓟,6174440200100005,菊科,水飞蓟,果实,nan,nan,nan
牛劳子,6174440200200002,菊科,牛劳子,成熟果实,nan,nan,大力子、鼠粘子
炒牛蒡子,6174440200200118,菊科,牛劳子,成熟果实,nan,炒黄,炒大力子、炒鼠粘子
苍耳子,6174440200300009,菊科,苍耳子,带总苞的果实,nan,nan,nan
炒苍耳子,6174440200300115,菊科,苍耳子,成熟带总苞的果实,nan,炒黄，去刺,nan
鹤虱,6174440200400006,菊科,鹤虱,果实,nan,nan,天名精实、天名精子
一枝黄花,6174450100104003,菊科,一枝黄花,全草,段,nan,nan
灯盏细辛,6174450100200002,菊科,灯盏细辛,全草,nan,nan,灯盏花
鹅不食草,6174450100304007,菊科,鹅不食草,全草,段,nan,石胡荽
蒲公英,6174450100404004,菊科,蒲公英,全草,段,nan,黄花地丁
大蓟,6174450500104009,菊科,大蓟,地上部分,段,nan,nan
大蓟炭,6174450500104412,菊科,大蓟,地上部分,段,炒炭,nan
小蓟,6174450500204006,菊科,小蓟,地上部分,段,nan,nan
小蓟炭,6174450500204419,菊科,小蓟,地上部分,段,炒炭,nan
天山雪莲,6174450500300005,菊科,天山雪莲,地上部分,nan,nan,nan
佩兰,6174450500404000,菊科,佩兰,地上部分,段,nan,nan
金沸草,6174450500504007,菊科,金沸草,地上部分,段,nan,旋覆梗
青蒿,6174450500604004,菊科,青蒿,地上部分,段,nan,nan
茵陈,6174450500707002,菊科,茵陈,地上部分,搓碎或切碎,nan,绵茵陈
菊苣,6174450500804008,菊科,菊苣,地上部分或根,段,nan,nan
豨益草,6174450500904005,菊科,豨益草,地上部分,段,nan,nan
酒豨益草,6174450500904616,菊科,豨益草,地上部分,段,酒蒸,nan
墨旱莲,6174450501004001,菊科,墨旱莲,地上部分,段,nan,nan
千里光,6174450501100000,菊科,千里光,地上部分,nan,nan,nan
金龙胆草,6174450501204005,菊科,金龙胆草,地上部分,段,nan,nan
臭灵丹草,6174450501300004,菊科,臭灵丹草,地上部分,nan,nan,nan
野马追,6174450501404009,菊科,野马追,地上部分,段,nan,nan
蓍草,6174450501500008,菊科,蓍草,地上部分,nan,nan,nan
艾片,6174490800100004,菊科,艾片,加工品,nan,nan,左旋龙脑
蒲黄,6190130500100000,香蒲科,蒲黄,花粉,nan,nan,生蒲黄
蒲黄炭,6190130500100413,香蒲科,蒲黄,花粉,nan,炒炭,nan
三棱,6190310600102009,黑三棱科,三棱,块茎,薄片,nan,黑三棱、京三棱、荆三棱
醋三棱,6190310600102320,黑三棱科,三棱,块茎,薄片,醋炙,醋黑三棱、醋京三棱、醋荆三棱
泽泻,6190810600103001,泽泻科,泽泻,块茎,厚片,nan,nan
盐泽泻,6190810600103339,泽泻科,泽泻,块茎,厚片,盐炙,nan
白茅根,6191210500104006,禾本科,白茅根,根茎,段,nan,茅根
茅根炭,6191210500104419,禾本科,白茅根,根茎,段,炒炭,nan
芦根,6191210500204003,禾本科,芦根,根茎,段,nan,nan
鲜芦根,6191210500208001,禾本科,芦根,根茎,鲜用,nan,nan
竹茹,6191220900104001,禾本科,竹茹,茎秆的干燥中间层,段或小团,nan,nan
姜竹茹,6191220900104346,禾本科,竹茹,茎秆的干燥中间层,段或小团,姜炙,nan
淡竹叶,6191221200104005,禾本科,淡竹叶,茎叶,段,nan,nan
薏苡仁,6191240500100005,禾本科,薏苡仁,成熟种仁,nan,nan,薏苡、苡仁、苡米
麸炒薏苡仁,6191240500100210,禾本科,薏苡仁,成熟种仁,nan,麸炒,麸炒薏苡、麸炒苡仁、麸炒苡米
炒谷芽,6191290800100113,禾本科,谷芽,加工品,nan,炒黄,nan
焦谷芽,6191290800100120,禾本科,谷芽,加工品,nan,炒焦,nan
谷芽,6191290800100861,禾本科,谷芽,加工品,nan,发芽,nan
炒麦芽,6191290800200110,禾本科,麦芽,加工品,nan,炒黄,nan
焦麦芽,6191290800200127,禾本科,麦芽,加工品,nan,炒焦,nan
麦芽,6191290800200868,禾本科,麦芽,加工品,nan,发芽,nan
炒稻芽,6191290800300117,禾本科,稻芽,加工品,nan,炒黄,nan
焦稻芽,6191290800300124,禾本科,稻芽,加工品,nan,炒焦,nan
稻芽,6191290800300865,禾本科,稻芽,加工品,nan,发芽,nan
天竺黄,6191290900100006,禾本科,天竺黄,分泌液干燥后的块状物,nan,nan,nan
香附,6191310500103006,莎草科,香附,根茎,厚片或碾碎,nan,nan
醋香附,6191310500103327,莎草科,香附,根茎,厚片或碾碎,醋炙,nan
棕榈,6191420800100008,棕桐科,棕榈,叶柄,nan,nan,棕板
棕榈炭,6191420800100428,棕榈科,棕榈,叶柄,nan,煅炭,陈棕炭
大腹毛,6191440400100000,棕榈科,大腹毛,果皮,nan,nan,大腹皮、槟榔皮
大腹皮,6191440400204005,棕榈科,大腹皮,果皮,段,nan,大腹毛、槟榔皮
槟榔,6191440600102002,棕榈科,槟榔,成熟种子,薄片,nan,大白、大腹子、花槟榔
炒槟榔,6191440600102118,棕榈科,槟榔,成熟种子,薄片,炒黄,炒大白、炒大腹子、炒花槟榔
焦槟榔,6191440600102125,棕榈科,槟榔,成熟种子,薄片,炒焦,焦大白、焦大腹子、焦花槟榔
血竭,6191490200107006,棕榈科,血竭,树脂,碎粒或细末,nan,麒麟竭
千年健,6191610500103007,天南星科,千年健,根茎,片,nan,nan
石菖蒲,6191610500203004,天南星科,石莒蒲,根茎,厚片,nan,nan
藏莒蒲,6191610500303001,天南星科,藏莒蒲,根茎,片,nan,nan
生天南星,6191610600100005,天南星科,天南星,块茎,nan,nan,生南星
制天南星,6191610600100722,天南星科,天南星,块茎,nan,姜矾制,制南星
胆南星,6191610600100999,天南星科,天南星,块茎,nan,胆汁制,胆星
生半夏,6191610600200002,天南星科,半夏,块茎,nan,nan,nan
法半夏,6191610600200712,天南星科,半夏,块茎,nan,甘草石灰水制,法夏
姜半夏,6191610600200729,天南星科,半夏,块茎,nan,姜矾制,nan
清半夏,6191610600200736,天南星科,半夏,块茎,nan,白矾制,nan
生白附子,6191610600300009,天南星科,白附子,块茎,nan,nan,nan
制白附子,6191610600302720,天南星科,白附子,块茎,薄片,姜矾制,白附子、禹白附
浮萍,6191750100100003,浮萍科,浮萍,全草,nan,nan,紫萍、紫背浮萍
谷精草,6192230100104007,谷精草科,谷精草,带花茎的头状花序,段,nan,谷精珠
鸭跖草,6192450500104005,鸭跖草科,鸭跖草,地上部分,段,nan,nan
灯心草,6192720300104001,灯心草科,灯心草,茎髓,段,nan,灯心
灯心炭,6192720300104421,灯心草科,灯心草,茎髓,段,煅炭,灯心草炭
百部,6192810400103001,百部科,百部,块根,厚片,nan,nan
蜜百部,6192810400103353,百部科,百部,块根,厚片,蜜炙,炙百部
山麦冬,6192910400100007,百合科,山麦冬,块根,nan,nan,湖北麦冬
天冬,6192910400202008,百合科,天冬,块根,薄片,nan,天门冬
麦冬,6192910400300001,百合科,麦冬,块根,nan,nan,麦门冬、寸冬
土茯苓,6192910500102000,百合科,土茯苓,根茎,薄片,nan,土草薛
玉竹,6192910500203004,百合科,玉竹,根茎,厚片或段,nan,葳蕤
知母,6192910500303001,百合科,知母,根茎,厚片,nan,nan
盐知母,6192910500303339,百合科,知母,根茎,厚片,盐水炙,nan
重楼,6192910500402001,百合科,重楼,根茎,薄片,nan,蚤休、七叶一枝花
孩莫,6192910500503005,百合科,孩莫,根茎,片,nan,金刚头、金刚藤
黄精,6192910500603002,百合科,黄精,根茎,厚片,nan,nan
酒黄精,6192910500603613,百合科,黄精,根茎,厚片,酒炖或酒蒸,nan
大蒜,6192910700100004,百合科,大蒜,鳞茎,nan,nan,nan
川贝母,619291070020000,百合科,川贝母,鳞茎,nan,nan,川贝
平贝母,6192910700300008,百合科,平贝母,鳞茎,nan,nan,平贝
伊贝母,6192910700400005,百合科,伊贝母,鳞茎,nan,nan,新疆贝母
百合,6192910700500002,百合科,百合,肉质鳞叶,nan,nan,野百合
蜜百合,6192910700500354,百合科,百合,肉质鳞叶,nan,蜜炙,炙百合
浙贝母,6192910700603000,百合科,浙贝母,鳞茎,厚片或碎块,nan,浙贝、大贝、象贝
湖北贝母,6192910700700006,百合科,湖北贝母,鳞茎,nan,nan,nan
薤白,6192910700800003,百合科,薤白,鳞茎,nan,nan,nan
韭菜子,6192940600100002,百合科,韭菜子,成熟种子,nan,nan,nan
盐韭菜子,6192940600100330,百合科,韭菜子,种子,nan,盐炙,nan
芦荟,6192990800105000,百合科,芦荟,叶的汁液浓缩干燥物,小块,nan,nan
仙茅,6193010500104000,石蒜科,仙茅,根茎,段,nan,仙茅根
山药,6193210500103007,薯蓣科,山药,根茎,厚片,nan,怀山药、淮山药、毛山药、光山药
麸炒山药,6193210500103212,薯蓣科,山药,根茎,厚片,麸炒,麸炒怀山药、麸炒淮山药、麸炒毛山药、麸炒光山药
穿山龙,6193210500203004,薯蓣科,穿山龙,根茎,厚片,nan,nan
粉草薛,6193210500303001,薯蓣科,粉草薛,根茎,片,nan,草蔽
绵草薛,6193210500403008,薯蓣科,绵草薛,根茎,片,nan,川草薛、草薛
黄山药,6193210500503005,薯蓣科,黄山药,根茎,片,nan,nan
川射干,6193310500102007,鸢尾科,川射干,根茎,薄片,nan,nan
射干,6193310500202004,鸢尾科,射干,根茎,薄片,nan,乌扇
西红花,6193330600100000,鸢尾科,西红花,柱头,nan,nan,藏红花、番红花
郁金,6193510400102002,姜科,郁金,块根,薄片,nan,温郁金、广郁金、川郁金
山柰,6193510500103008,姜科,山柰,根茎,片,nan,nan
干姜,6193510500203005,姜科,干姜,根茎,厚片或块,nan,干姜片
炮姜,6193510500203227,姜科,干姜,根茎,厚片或块,砂烫,nan
姜炭,6193510500203418,姜科,干姜,根茎,厚片或块,炒炭,干姜炭
片姜黄,6193510500303002,姜科,片姜黄,根茎,厚片,nan,nan
生姜,6193510500403009,姜科,生姜,新鲜根茎,厚片,nan,nan
姜黄,6193510500503006,姜科,姜黄,根茎,厚片,nan,nan
高良姜,6193510500602006,姜科,高良姜,根茎,薄片,nan,良姜
莪术,6193510500703000,姜科,莪术,根茎,厚片,nan,蓬术、文术、蓬莪术
醋莪术,6193510500703796,姜科,莪术,根茎,厚片,醋煮,醋蓬术、醋文术、醋蓬莪术
姜皮,6193520600100005,姜科,姜皮,根茎外皮,削取外皮,nan,生姜皮
红豆蔻,6193540200100007,姜科,红豆蔻,成熟果实,nan,nan,nan
豆蔻,6193540200200004,姜科,豆蔻,成熟果实,nan,nan,白豆蔻
砂仁,6193540200300001,姜科,砂仁,成熟果实,nan,nan,阳春砂
草果,6193540200400008,姜科,草果,果实,nan,nan,nan
草果仁,6193540200400114,姜科,草果,果实,nan,清炒后去壳取仁,nan
姜草果仁,6193540200400343,姜科,草果,果实,nan,姜炙,nan
益智仁,6193540200500005,姜科,益智,成熟果实,去外壳,nan,益智
盐益智仁,6193540200500333,姜科,益智,成熟果实,去外壳,盐水炙,盐益智
草豆蔻,6193540600100003,姜科,草豆蔻,近成熟种子,nan,nan,草蔻仁、草蔻
天麻,6193910600102008,兰科,天麻,块茎,薄片,nan,明天麻
白 及,6193910600202005,兰科,白 及,块茎,薄片,nan,nan
山慈菇,6193910800102006,兰科,山慈菇,假鳞茎,薄片,nan,毛慈菇、冰球子
干石斛,6193920900104008,兰科,石斛,茎,段,nan,石斛、黄草
鲜石斛,6193920900108006,兰科,石斛,茎,鲜用,nan,nan
铁皮石斛,6193920900200007,兰科,铁皮石斛,茎,nan,nan,nan
青黛,6199990800100879,爵床科、蓼科或十字花科,青黛,叶或茎叶经加工制得的粉末、团块或颗粒,nan,nan,nan
地龙,6203110200104006,钜蚓科,地龙,去内脏动物体,段,nan,广地龙
水蛭,6204110100104006,水蛭科,水蛭,全体,段,nan,nan
烫水蛭,6204110100104242,水蛭科,水蛭,全体,段,滑石粉烫,nan
牡蛎,6205120300107003,牡蛎科,牡蛎,贝壳,碎块,nan,nan
煅牡蛎,6205120300107515,牡蛎科,牡蛎,贝壳,碎块,明煅,nan
蛤壳,6205220300107000,帘蛤科,蛤壳,贝壳,碾碎,nan,nan
煅蛤壳,6205220300107512,帘蛤科,蛤壳,贝壳,碎块,明煅,nan
瓦楞子,6205320300107007,蚶科,瓦楞子,贝壳,碎片,nan,nan
煅瓦楞子,6205320300107519,蚶科,瓦楞子,贝壳,碎片,明煅,nan
石决明,6206120300207009,鲍科,石决明,贝壳,碎粒,nan,nan
煅石决明,620612030020751,鲍科,石决明,贝壳,碎粒,明煅,nan
海螵蛸,6207130100105008,乌贼科,海螵蛸,内壳,小块,nan,乌贼骨
蜈蚣,6208110100104002,蜈蚣科,蜈蚣,全体,段,nan,nan
九香虫,6210110100100009,蝽科,九香虫,全体,nan,nan,屁巴虫、打屁虫
炒九香虫,6210110100100115,蝽科,九香虫,全体,nan,炒黄,炒屁巴虫、炒打屁虫
土鳖虫,6210210100100006,鳖蠊科,土鳖虫,雌虫体,nan,nan,虫、土元、地鳖
虫白蜡,6210340100100000,介壳虫科,虫白蜡,分泌物,nan,nan,白蜡、川白蜡、川蜡
桑螵蛸,621044010010060,螳螂科,桑螵蛸,卵鞘,nan,蒸,nan
生斑蝥,6210510100100007,芫青科,斑蝥,全体,nan,nan,nan
米斑蝥,6210510100100250,芫青科,斑蝥,全体,nan,米炒，除去头、翅、足,nan
蜂房,6210640900105008,胡蜂科,蜂房,蜂巢,块,nan,露蜂房
酒制蜂胶,6210740100101913,蜜蜂科,蜂胶,分泌物,粉碎，乙醇溶解，回收乙醇,酒洗,nan
蜂蜜,6210740100200005,蜜蜂科,蜂蜜,蜜蜂酿的蜜,nan,nan,nan
蜂蜡,6210740100300002,蜜蜂科,蜂蜡,分泌物,除去杂质,nan,黄蜡
蝉蜕,6210820100100007,蝉科,蝉蜕,若虫羽化时脱落的皮壳,nan,nan,nan
僵蚕,6210910100100005,蚕蛾科,僵蚕,4～5龄的幼虫感染(或人工接种)白僵菌而致死的干燥体,nan,nan,nan
炒僵蚕,6210910100100210,蚕蛾科,僵蚕,4～5龄的幼虫感染(或人工接种)白僵菌而致死的干燥体,nan,麸炒,麸炒僵蚕
全蝎,6215110100100004,钳蝎科,全蝎,全体,nan,nan,全虫、淡全蝎
紫河车,6220140100105008,人科,紫河车,干燥胎盘,小块或细粉,nan,胎盘
血余炭,6220140900100425,人科,血余炭,头发,nan,煅炭,血余
水牛角,6220220200103002,牛科,水牛角,角,片,nan,水牛角片、牛角
水牛角粉,6220220200107000,牛科,水牛角,角,粗粉,nan,nan
羚羊角镑片,6220220200203009,牛科,羚羊角,角,片,nan,羚羊角片、羚羊角
羚羊角粉,6220220200207007,牛科,羚羊角,角,细粉,nan,nan
牛黄,6220240100100000,牛科,牛黄,胆结石,nan,nan,西牛黄
阿胶珠,6220340200100945,马科,阿胶,加工品,nan,制胶、蛤粉炒,nan
阿胶,6220340200100969,马科,阿胶,干燥皮或鲜皮经煎煮、浓缩制成的固体胶的炮制加工品,nan,制胶,驴皮胶
穿山甲,6220420300100004,鲮鲤科,穿山甲,鳞甲,nan,nan,山甲
炮山甲,6220420300100226,鲮鲤科,穿山甲,鳞甲,nan,砂烫,炮穿山甲
醋山甲,6220420300100325,鲮鲤科,穿山甲,鳞甲,nan,砂烫醋淬,醋穿山甲
猪胆粉,622053020010000,猪科,猪胆粉,加工品,nan,nan,nan
鹿角,6220620200103000,鹿科,鹿角,已骨化的角或锯茸后翌年春季脱落的角基,片或粗末,nan,鹿角片、鹿角粉
鹿茸粉,6220620200207005,鹿科,鹿茸,雄鹿未骨化密生绒毛的幼角,细粉,nan,nan
鹿茸片,6220620200201003,鹿科,鹿茸,雄鹿未骨化密生绒毛的幼角,极薄片,nan,nan
麝香,6220640100100008,鹿科,麝香,雄鹿香囊中的干燥分泌物,nan,nan,nan
鹿角霜,6220640200100830,鹿科,鹿角霜,鹿角去胶质的角块,nan,制霜,nan
鹿角胶,6220640200100960,鹿科,鹿角胶,加工品,nan,制胶,nan
哈蟆油,6223130200100000,蛙科,哈蟆油,输卵管,nan,nan,哈土蟆油
蟾酥粉,6223240100107006,蟾蜍科,蟾酥,分泌物,粉,nan,nan
鸡内金,622414090010000,雉科,鸡内金,沙囊内壁,洗净,nan,nan
炒鸡内金,6224140900100223,雉科,鸡内金,沙囊内壁,洗净,清炒或烫,nan
醋鸡内金,6224140900100322,雉科,鸡内金,沙囊内壁,洗净,炒，喷醋,nan
乌梢蛇,6225110200104008,游蛇科,乌梢蛇,去内脏动物体,寸段,nan,nan
乌梢蛇肉,6225110200100000,游蛇科,乌梢蛇,去内脏动物体,去头、鳞片及皮骨,nan,nan
酒乌梢蛇,6225110200104312,游蛇科,乌梢蛇,去内脏动物体,段,酒炙,nan
蛇蜕,6225120100104008,游蛇科,蛇蜕,干燥表皮膜,段,nan,龙衣
酒蛇蜕,6225120100104312,游蛇科,蛇蜕,干燥表皮膜,段,酒炙,酒龙衣
龟甲,6225220300100005,龟科,龟甲,背甲及腹甲,沸水煮，去皮肉,nan,nan
醋龟甲,6225220300100326,龟科,龟甲,背甲及腹甲,nan,砂烫醋淬,nan
龟甲胶,6225240200100967,龟科,龟甲胶,加工品,nan,制胶,龟胶
金钱白花蛇,6225310200104002,眼镜蛇科,金钱白花蛇,幼蛇干燥体,段,nan,银环蛇、金钱蛇
蛤蚧,6225410200105006,壁虎科,蛤蚧,去内脏动物体,去鳞及头、足，切成小块,nan,nan
酒蛤蚧,6225410200105914,壁虎科,蛤蚧,去内脏动物体,去鳞及头、足，切成小块,黄酒浸润,nan
蕲蛇,6225510200104006,蛙科,蕲蛇,去内脏动物体,去头、鳞，切成寸段,nan,nan
蕲蛇肉,6225510200100008,蛙科,蕲蛇,去内脏动物体,去头，黄酒润透，去鳞、骨,nan,nan
酒蕲蛇,6225510200104310,蛭科,蕲蛇,去内脏动物体,段,酒炙,nan
鳖甲,6225620300100003,鳖科,鳖甲,背甲,沸水煮，去皮肉,nan,nan
醋鳖甲,6225620300100324,鳖科,鳖甲,背甲,nan,砂烫醋淬,nan
海马,6227110200100008,海龙科,海马,去内脏动物体,nan,nan,nan
海龙,6227110200200005,海龙科,海龙,去内脏动物,nan,nan,nan
珍珠母,6299920300107008,珍珠贝科或蚌科,珍珠母,贝壳,打碎,nan,nan
煅珍珠母,6299920300107510,珍珠贝科或蚌科,珍珠母,贝壳,打碎,明煅,nan
珍珠,6299940100100009,珍珠贝科或蚌科,珍珠,珍珠,nan,nan,nan
珍珠粉,6299940100107855,珍珠贝科或蚌科,珍珠,珍珠,细粉,水飞制成最细粉,nan
人工牛黄,6299940200100008,多来源,人工牛黄,加工品,nan,nan,nan
体外培育牛黄,6299940200200005,多来源,体外培育牛黄,加工品,nan,nan,nan
硫黄,6303110100107007,自然硫族,硫黄,矿物,碎块,nan,nan
制硫黄,6303110100107793,自然硫族,硫黄,矿物,碎块,与豆腐同煮,nan
朱砂粉,6310210100107851,辰砂族,朱砂,矿物,粉,水飞,朱砂、辰砂粉
雄黄粉,6310310100107858,雄黄族,雄黄,矿物,粉,水飞,雄黄、明雄黄
自然铜,6312110100107005,黄铁矿族,自然铜,矿物,碎块,nan,nan
煅自然铜,6312110100107524,黄铁矿族,自然铜,矿物,碎块,煅淬,nan
赭石,6314110100107003,刚玉族,赭石,矿物,砸碎,nan,nan
煅赭石,6314110100107515,刚玉族,赭石,矿物,砸碎,明煅,nan
磁石,6314410100107004,磁铁矿,磁石,矿物,砸碎,nan,nan
煅磁石,6314410100107523,磁铁矿,磁石,矿物,粉,煅淬,nan
红粉,6314610100107008,红氧化汞,红粉,矿物,粉,nan,nan
禹余粮,631711010010000,褐铁矿,禹余粮,矿物,除去杂石,nan,禹粮石
煅禹余粮,6317110100107529,褐铁矿,禹余粮,矿物,粉,煅淬,煅禹粮石
滑石,6322110100107002,滑石族,滑石,矿物,碎块或细粉,nan,nan
滑石粉,6322110100107859,滑石族,滑石,矿物,粉,水飞,飞滑石
赤石脂,6322310100107006,多水高岭石族,赤石脂,矿物,打碎或研细粉,nan,nan
煅赤石脂,6322310100107518,多水高岭石族,赤石脂,矿物,碎块,明煅,nan
石膏,6326110100107008,硬石膏族,石膏,矿物,粗粉,nan,nan
煅石膏,6326110100107510,硬石膏族,石膏,矿物,粉,明煅,熟石膏
皂矾,6326210100107005,水绿矾的矿石,皂矾,矿物,碎块,nan,绿矾
煅皂矾,6326210100107517,水绿矾的矿石,皂矾,矿物,碎块,明煅,煅绿矾
白矾,6326310100100003,明矾石经加工提炼制成,白矾,矿物,nan,nan,明矾
枯矾,6326310100100515,矾石经加工提炼制成,白矾,矿物,nan,明煅,煅白矾
芒硝,6326410100100000,芒硝族,芒硝,矿物,nan,nan,朴硝
玄明粉,6326410100200007,芒硝族,玄明粉,芒硝经风化干燥制成,nan,nan,风化硝、元明粉
炉甘石,6326610100107003,方解石族,炉甘石,矿物,打碎,nan,nan
煅炉甘石,6326610100107942,方解石族,炉甘石,矿物,粉,明煅，再水飞,nan
钟乳石,6326610100205006,方解石族,钟乳石,矿物,小块,nan,nan
煅钟乳石,6326610100207512,方解石族,钟乳石,矿物,碎块,明煅,nan
紫石英,6330110100107001,萤石族,紫石英,矿物,碎块,nan,nan
煅紫石英,6330110100107520,莹石族,紫石英,矿物,碎块,煅淬,醋煅紫石英
大青盐,6332110100100000,石盐族湖盐结晶体,大青盐,矿物,nan,nan,nan
轻粉,6332210100107006,氯化亚汞,轻粉,矿物,粉,nan,nan
花蕊石,6337110100107004,变质岩类,花蕊石,矿物,碎块,nan,nan
煅花蕊石,6337110100107516,变质岩类,花蕊石,矿物,碎块,明煅,nan
金碳石,6337110100200002,变质岩类,金蒙石,矿物,nan,nan,nan
煅金碟石,6337110100200514,变质岩类,金碳石,矿物,nan,明煅,nan
青碟石,6337110100305004,变质岩类,青碟石,矿物,小块,nan,碟石
煅青碟石,6337110100305516,变质岩类,青碳石,矿物,小块,明煅,煅碳石
马勃,6400120100105004,灰包科,马勃,子实体,小块,nan,nan
猪苓,6400210100203005,多孔菌科,猪苓,菌核,厚片,nan,nan
茯苓皮,6400210100300001,多孔菌科,茯苓皮,菌核的外皮,nan,nan,nan
茯苓,6400210100403009,多孔菌科,茯苓,菌核,块或厚片,nan,云苓、白茯苓、赤茯苓
云芝,6400220100100006,多孔菌科,云芝,子实体,nan,nan,nan
灵芝,6400220100200003,多孔菌科,灵芝,子实体,nan,nan,灵芝草、紫芝
雷丸,6400410100107000,白蘑科,雷丸,菌核,粉,nan,nan
海藻,6605110100104001,马尾藻科,海藻,藻体,段,nan,nan
昆布,6605410100106006,海带科,昆布,叶状体,宽丝,nan,nan
冬虫夏草,6700310100100001,麦角菌科,冬虫夏草,复合体,nan,nan,虫草、冬虫草
石上柏,6130350100300008,卷柏科,石上柏,全草,nan,nan,nan
江南卷柏,6130350100400005,卷柏科,江南卷柏,全草,nan,nan,岩柏、岩柏草、摩来卷柏
翠云草,6130350100504000,卷柏科,翠云草,全草,段,nan,nan
问荆,6130550500204009,木贼科,问荆,地上部分,段,nan,nan
阴地蕨,6130850100104007,阴地蕨科,阴地蕨,全草,段,nan,小春花
海金沙草,6131750500104005,海金沙科,海金沙草,地上部分,段,nan,金沙藤
海金沙藤,6131750500204002,海金沙科,海金沙藤,地上部分,段,nan,nan
狗脊炭,6131910500103419,蚌壳蕨科,狗脊,根茎,厚片,炒炭,nan
蒸狗脊,6131910500103600,蚌壳蕨科,狗脊,根茎,厚片,蒸,nan
飞天螭螃,6132030100103004,杪椤科,飞天螭螃,茎干,厚片,nan,杪椤、刺杪椤、山螭螃
乌韭,6132320700104007,鳞始蕨科,乌韭,叶,段,nan,nan
金牛草,6132650100100003,蕨科,金牛草,全草,nan,nan,紫背金牛、分经草
凤尾草,6132750100104008,杪椤科,风尾草,全草,段,nan,井栏边草、黑枸杞
半边旗,6132750100204005,凤尾蕨科,半边旗,全草,段,nan,nan
苏铁蕨贯众,6134310500103001,乌毛蕨科,苏铁蕨贯众,根茎,厚片,nan,苏铁贯众、广贯众
苏铁蕨贯众炭,6134310500103414,乌毛蕨科,苏铁蕨贯众,根茎,厚片,炒炭,苏铁贯众炭、广贯众炭
乌毛蕨贯众,6134310500200007,乌毛蕨科,乌毛蕨贯众,根茎及叶柄残基,nan,nan,nan
田字草,6136150100100004,苹科,田字草,全草,nan,nan,四叶莲、苹
松叶,6140420700104003,松科,松叶,叶,段,nan,松针、松毛
红松叶,6140420700207001,松科,红松叶,叶,碎屑,nan,nan
海松子,6140440500200002,松科,海松子,成熟种仁,nan,nan,松子、松子仁、红松子
松香,6140490200100003,松科,松香,油树脂,nan,nan,nan
制松香,6140490200100997,松科,松香,油树脂,nan,葱汁制,nan
松节,6140490900107005,松科,松节,瘤状节或分枝节,碎屑,nan,nan
杉木果,6140540100100006,杉科,杉木果,带叶未开裂的球果,nan,nan,nan
炒柏子仁,6140640500100115,柏科,柏子仁,成熟种仁,去残留的种皮,炒黄,nan
红豆杉,6140921200104000,红豆杉科,红豆杉,枝和叶,段,nan,nan
炒榧子,6140940600100115,红豆杉科,框子仁,种子,去壳取仁,炒黄,nan
麻黄绒,614102888700840,麻黄科,麻黄,草质茎,nan,制绒,nan
蜜麻黄绒,614102888700949,麻黄科,麻黄,草质茎,nan,制绒,nan
石南藤,6150321200104005,胡椒科,石南藤,带叶茎枝,段,nan,石楠藤
柳枝,6150520200103005,杨柳科,柳枝,枝条,片,nan,nan
板栗壳,6150930100100002,壳斗科,板栗壳,总苞,nan,nan,风栗壳
榆白皮,6151020500106007,榆树,榆白皮,树皮或根皮,丝,nan,nan
芜荑,6151090800100005,榆科,芜荑,果实加工品,nan,nan,nan
穿破石,6151210100103005,桑科,穿破石,根,厚片,nan,nan
榕树须,6151210100304006,桑科,榕树须,气生根,段,nan,榕须、半天吊、倒吊成根
柘木,6151210300103003,桑科,柘木,根及茎枝,厚片,nan,nan
蜜桑叶,6151220700107358,桑科,桑叶,叶,搓碎,蜜炙,nan
小叶榕,6151220700200004,桑科,小叶榕,叶,nan,nan,nan
广东王不留行,6151230400103000,桑科,广东王不留行,隐头花序托,厚片,nan,nan
无花果,6151230400200006,桑科,无花果,成熟或近成熟内藏花和瘦果的花序托,nan,nan,nan
制桑椹,6151240200100604,桑科,桑椹,果穗,nan,蒸,制桑椹子
五指毛桃,6151250100103001,桑科,五指毛桃,全草,厚片,nan,nan
律草,6151250500104004,桑科,律草,地上部分,段,nan,nan
苎麻根,6151310300100009,荨麻科,苎麻根,根和根茎,nan,nan,nan
苎麻根炭,6151310300100412,荨麻科,苎麻根,根和根茎,nan,炒炭,nan
杜衡,6152010500104003,马兜铃科,杜衡,根茎,段,nan,土细辛、马蹄细辛、南细辛
寻骨风,6152050100104003,马兜铃科,寻骨风,全草,段,nan,白毛藤、绵毛马兜铃、猴耳草
土大黄,6152310100203008,蓼科,土大黄,根,厚片,nan,羊蹄根
酒洗大黄,6152310300103917,蓼科,大黄,根和根茎,厚片或块,酒洗,nan
煨何首乌,6152310400103817,蓼科,何首乌,块根,厚片或块,煨,nan
炒水红花子,6152340200100112,蓼科,水红花子,果实,nan,炒黄,nan
荞麦,6152340600100002,蓼科,荞麦,种子,nan,nan,nan
火炭母,6152350100104004,蓼科,火炭母,全草,段,nan,nan
辣蓼,615235010020400,蓼科,辣蓼,全草,段,nan,蓼子草
盐川牛膝,6152510100102336,苋科,川牛膝,根,薄片,盐炙,nan
炒牛膝,6152510100204115,苋科,牛膝,根,段,清炒,炒怀牛膝
盐牛膝,6152510100204337,苋科,牛膝,根,段,盐炙,盐怀牛膝
土牛膝,6152510300104000,苋科,土牛膝,根及根茎,段,nan,nan
千日红,6152530100200009,苋科,千日红,头状花序,nan,nan,百日红
炒青箱子,6152540600100112,苋科,青箱子,种子,nan,炒黄,nan
倒扣草,6152550100104008,苋科,倒扣草,全草,段,nan,nan
刺苋菜,6152550100204005,苋科,刺苋菜,全草或根,段,nan,刺苋
土人参,6152910100104000,马齿苋科,土人参,根和叶,段,nan,人参草、土人参
声色草,6153150100104009,石竹科,声色草,全草,段,nan,nan
荷叶蒂,6153220700200002,睡莲科,荷叶蒂,叶基部,nan,nan,nan
荷梗,6153220800100004,睡莲科,荷梗,叶柄,nan,nan,莲梗
石莲子,6153240200100008,睡莲科,石莲子,果实,nan,nan,甜石莲
炒芡实,6153240500100111,睡莲科,芡实,种仁,nan,清炒,nan
土炒白芍,6153710100202268,毛莨科,白 芍,根,薄片,土炒,土炒杭白芍、土炒毫白芍、土炒川白芍
醋白芍,6153710100202329,毛莨科,白 芍,根,薄片,醋炙,醋杭白芍、醋毫白芍、醋川白芍
白芍炭,6153710100202411,毛莨科,白 芍,根,薄片,炒炭,杭白芍炭、毫白芍炭、川白芍炭
炒赤芍,6153710100303118,毛莨科,赤芍,根,厚片,炒黄,炒赤芍药
酒赤芍,6153710100303316,毛莨科,赤芍,根,厚片,酒炙,酒赤芍药
黄连须,6153710200100006,毛莨科,黄连须,须根,nan,nan,nan
酒威灵仙,6153710300104317,毛莨科,威灵仙,根和根茎,段,酒炙,酒灵仙、酒铁脚灵仙
熟附片,6153710400303696,毛莨科,附子,块根,片,米泔水漂后再蒸,熟附子
煨附子,6153710400303801,毛莨科,附子,块根,片,煨,nan
雪上一枝蒿,6153710400700006,毛莨科,雪上一枝蒿,块根,nan,nan,nan
关白附,6153710400800003,毛莨科,关白附,块根,nan,nan,nan
制关白附,6153710400800720,毛莨科,关白附,块根,nan,姜矾制,nan
麸炒升麻,6153710500103219,毛莨科,升麻,根茎,厚片,麸炒,nan
酒炒升麻,6153710500103318,毛莨科,升麻,根茎,厚片,酒炙,nan
蜜升麻,6153710500103356,毛莨科,升麻,根茎,厚片,蜜炙,nan
升麻炭,6153710500103417,毛莨科,升麻,根茎,厚片,炒炭,nan
九节菖蒲,6153710500400004,毛莨科,九节菖蒲,根茎,nan,nan,节莒蒲、太原菖、京莒蒲、建莒蒲
炒牡丹皮,6153720600100117,毛莨科,牡丹皮,根皮,nan,炒黄,炒丹皮、炒粉丹皮
酒丹皮,6153720600102319,毛莨科,牡丹皮,根皮,薄片,酒炙,酒牡丹皮、酒粉丹皮
牡丹皮炭,6153720600102418,毛莨科,牡丹皮,根皮,薄片,炒炭,丹皮炭
甘木通叶,6153720700200007,毛莨科,甘木通叶,叶,nan,nan,nan
金莲花,6153730200100004,毛莨科,金莲花,花,nan,nan,nan
十大功劳叶,6153920700106006,小檗科,十大功劳叶,叶,丝,nan,nan
白药子,6154010400100004,防己科,白药子,块根,nan,nan,nan
宽筋藤,6154020100304008,防已科,宽筋藤,茎,段,nan,nan
黑老虎根,6154110100104002,木兰科,黑老虎根,根或藤茎,段,nan,黑老虎
南五味子根,6154110100204009,木兰科,南五味子根,根,段,nan,鸡角过、鸡脚过、鸡安记罗
广西海风藤,6154120100103004,木兰科,广西海风藤,藤茎,厚片,nan,广东海风藤
炒辛夷,6154130300100116,木兰科,辛夷,花蕾,nan,清炒,炒辛夷花
蜜辛夷,6154130300100352,木兰科,辛夷,花蕾,nan,蜜炙,蜜辛夷花
炒五味子,6154140200200113,木兰科,五味子,果实,nan,炒,炒北五味子
酒五味子,6154140200200311,木兰科,五味子,果实,nan,酒炙,酒北五味子
蜜五味子,6154140200200359,木兰科,五味子,果实,nan,蜜炙,蜜北五味子
蜡梅花,6154230300100007,蜡梅科,蜡梅花,花蕾,nan,nan,腊梅花
钻山风,6154310100203006,番荔枝科,钻山风,根及藤茎,厚片,nan,nan
乌骨藤,6154320100103008,番荔枝科,乌骨藤,藤茎,厚片,nan,通关藤
番荔枝子,6154340200100004,番荔枝科,番荔枝子,成熟种子,nan,nan,nan
豺皮樟,6154510100303007,樟科,豺皮樟,根,厚片或段,nan,nan
豆豉姜,615451030010300,樟科,豆豉姜,根和根茎,厚片,nan,nan
盐水炒乌药,6154510400202338,樟科,乌药,块根,薄片,盐炙,nan
桂子,6154540100100009,樟科,桂子,带宿萼的未成熟的果实,nan,nan,肉桂子
樟树子,6154540200200005,樟科,樟树子,成熟果实,nan,nan,樟木子、樟梨子
樟脑,6154590800205009,樟科,樟脑,干枝、叶及根部经加工提取制得的结晶,硬块或结晶颗粒,nan,nan
炒延胡索,6154710600103118,罂粟科,延胡索,块茎,厚片,清炒,炒元胡、炒玄胡索
酒延胡索,6154710600103316,罂粟科,延胡索,块茎,厚片,酒炙,酒元胡、酒玄胡索
延胡索炭,6154710600103415,罂粟科,延胡索,块茎,厚片,炒炭,元胡炭、玄胡索炭
膜叶槌果藤,6154810100103004,白花菜科,膜叶槌果藤,根,厚片或段,nan,nan
芸苔子,6154940600400003,十字花科,芸苔子,种子,nan,nan,云苔子、油菜籽、油菜子
荠菜,6154950100104004,十字花科,荠菜,全草,段,nan,荠菜花
焯菜,6154950100204001,十字花科,焯菜,全草,段,nan,江剪刀草
猪笼草,6155350100100003,猪笼草科,猪笼草,全草,nan,nan,nan
锦地罗,6155450100104008,茅膏菜科,锦地罗,全草,段,nan,nan
景天三七,6155550100204002,景天科,景天三七,全草,段,nan,nan
蜀漆,6155621200104001,虎耳草科,蜀漆,嫩枝和叶,段,nan,nan
虎耳草,6155650100104002,虎耳草科,虎耳草,全草,段,nan,nan
山栀茶,6155710100103006,海桐花科,山栀茶,根,厚片,nan,一朵云、山枝茶
炒路路通,6155840200100114,金缕梅科,路路通,果序,nan,炒黄,炒枫树球、炒枫香果
酒杜仲,6155920500106310,杜仲科,杜仲,树皮,块或丝,酒炙,nan
姜杜仲,6155920500106341,杜仲科,杜仲,树皮,块或丝,姜炙,nan
杜仲炭,6155920500106419,杜仲科,杜仲,树皮,块或丝,炒炭,nan
炒地榆,6156110100103119,蔷薇科,地榆,根,厚片,炒黄,nan
金樱根,6156110100203000,蔷薇科,金樱根,根,厚片,nan,nan
茅莓根,6156110100304004,蔷薇科,茅莓根,根,段或块,nan,蛇泡勒、蛇泡筋、托盘根
李根皮,6156120600106008,蔷薇科,李根皮,根皮的韧皮部,丝,nan,甘李根白皮
石楠叶,6156120700300009,蔷薇科,石楠叶,叶,nan,nan,nan
桃叶,6156120700400006,蔷薇科,桃叶,叶,nan,nan,nan
蔷薇花,6156130200200006,蔷薇科,蔷薇花,花,nan,nan,nan
山楂炭,615614020010041,蔷薇科,山楂,果实,nan,炒炭,nan
醋乌梅,6156140200200326,蔷薇科,乌梅,近成熟果实,nan,醋炙,nan
蜜金樱子,615614020040035,蔷薇科,金樱子,成熟果实,nan,蜜炙,nan
蕤仁霜,6156140200700833,蔷薇科,蕤仁,果核,nan,制霜,芮仁霜
盐覆盆子,6156140200800335,蔷薇科,覆盆子,果实,nan,盐炙,nan
刺玫果,6156140200900004,蔷薇科,刺玫果,成熟果实,nan,nan,nan
梨,6156140201000000,蔷薇科,梨,果实,厚片,nan,梨干、雪梨干
南山楂,6156140201100007,蔷薇科,南山楂,成熟果实,去核,nan,nan
炒南山楂,6156140201100113,蔷薇科,南山楂,成熟果实,去核,炒黄,nan
焦南山楂,6156140201100120,蔷薇科,南山楂,成熟果实,去核,炒焦,nan
梨皮,6156140400100006,蔷薇科,梨皮,果皮,nan,nan,nan
苦杏仁霜,6156140600100837,蔷薇科,苦杏仁,种子,nan,制霜,杏仁霜
炒郁李仁,6156140600200117,蔷薇科,郁李仁,成熟种子,nan,炒黄,nan
桃仁霜,615614060030083,蔷薇科,桃仁,种子,nan,制霜,nan
酒桃仁,6156140600300947,蔷薇科,桃仁,种子,nan,焊、酒制,nan
甜杏仁,6156140600400005,蔷薇科,甜杏仁,成熟种子,nan,nan,南杏仁、京杏仁、叭哒杏仁、巴旦杏仁
樱桃核,6156140600500002,蔷薇科,樱桃核,成熟果核,nan,nan,nan
蛇莓,6156150100100008,蔷薇科,蛇莓,全草,nan,nan,nan
仙鹤草炭,6156150500104415,蔷薇科,仙鹤草,地上部分,段,炒炭,nan
千斤拔,6156310100203004,豆科,千斤拔,根,厚片,nan,nan
苦参炭,6156310100303414,豆科,苦参,根,厚片,炒炭,nan
牛大力,6156310100403008,豆科,牛大力,根,厚片,nan,nan
煨粉葛,615631010070380,豆科,粉葛,根,厚片或块,煨,nan
煨葛根,6156310100803808,豆科,葛根,根,厚片,煨,nan
炒甘草,6156310300203118,豆科,甘草,根和根茎,厚片,炒黄,nan
人中黄,6156310300203996,豆科,甘草,根和根茎,厚片,特殊加工,甘草黄、甘中黄
排钱草,6156310300304006,豆科,排钱草,根和根茎,段,nan,龙鳞草根、掌牛奴
过岗龙,6156320100304007,豆科,过岗龙,藤茎,段,nan,过江龙
龙须藤,6156320100403007,豆科,龙须藤,藤茎,厚片,nan,九龙藤
槐枝,6156320200103005,豆科,槐枝,嫩枝,片,nan,nan
炒皂角刺,6156320300103110,豆科,皂角刺,棘刺,厚片,炒黄,炒天丁、炒皂刺针
紫荆皮,6156320500205003,豆科,紫荆皮,树皮,块,nan,满条红
海桐皮,6156320500306007,豆科,海桐皮,树皮,块或丝,nan,nan
木豆叶,6156320700200006,豆科,木豆叶,叶,nan,nan,nan
相思藤,6156321200104009,豆科,相思藤,藤茎及叶,段,nan,nan
猴耳环,6156321200200008,豆科,猴耳环,幼嫩枝叶,nan,nan,nan
葛花,6156330100100004,豆科,葛花,花,nan,nan,nan
扁豆花,6156330200200000,豆科,扁豆花,花,nan,nan,nan
炒猪牙皂,6156340200100118,豆科,猪牙皂,不育果实,nan,炒黄,炒牙皂
黑芝麻拌炒补骨脂,6156340200200993,豆科,补骨脂,果实,nan,黑芝麻拌炒,黑芝麻拌炒破故纸、黑芝麻拌炒黑故脂
炒槐角,6156340200300112,豆科,槐角,果实,nan,炒黄,nan
槐角炭,6156340200300419,豆科,槐角,果实,nan,炒炭,nan
刀豆壳,6156340200500000,豆科,刀豆壳,果荚,nan,nan,nan
麸炒白扁豆,6156340600400214,豆科,白扁豆,种子,nan,麸炒,麸炒扁豆
土炒白扁豆仁,6156340600400269,豆科,白扁豆,种子,nan,土炒,土炒扁豆仁
盐决明子,6156340600500334,豆科,决明子,种子,nan,盐炙,nan
炒胡芦巴,6156340600700116,豆科,胡芦巴,种子,nan,炒黄,炒葫芦巴
绿豆,6156340600900004,豆科,绿豆,成熟种子,nan,nan,nan
苦石莲,6156340601000000,豆科,苦石莲,种子,nan,nan,苦石莲子、南蛇勒子、南石筋子
绿豆皮,6156340700200004,豆科,绿豆皮,种皮,nan,nan,绿豆衣
黑豆衣,6156340700300001,豆科,黑豆衣,种皮,nan,nan,乌豆衣
扁豆衣,6156340700400008,豆科,白扁豆,种皮,nan,nan,白扁豆衣
花生衣,6156340700500005,豆科,花生衣,成熟种子的种皮,nan,nan,落花生衣、花生皮、花生红衣
葫芦茶,6156350100204007,豆科,葫芦茶,全株,段,nan,胡芦茶、白劳舌、牛虫草、咸鱼草
人字草,6156350100304004,豆科,人字草,全草,段,nan,鸡眼草
毛鸡骨草,6156350100404001,豆科,毛鸡骨草,全草,段,nan,nan
草红藤,6156350100504008,豆科,草红藤,全草,段,nan,nan
响铃草,6156350100604005,豆科,响铃草,全草,段,nan,nan
透骨草,6156350500204003,豆科,透骨草,地上部分,段,nan,nan
铁扫帚,6156350500304000,豆科,铁扫帚,地上部分,段,nan,nan
炒淡豆豉,6156390800300111,豆科,淡豆豉,加工品,nan,炒黄,炒豆豉
盐蒺藜,6156940200100332,蒺藜科,蒺藜,果实,nan,盐炙,盐白蒺藜、盐刺蒺藜
鹰不扑,6157010100203002,芸香科,鹰不扑,根,厚片,nan,鹰不泊、鸟不宿
炒关黄柏,6157020500106124,芸香科,关黄柏,树皮,丝,炒焦,nan
酒黄柏,6157020500206312,芸香科,黄柏,树皮,丝,酒炙,酒川黄柏
橘叶,6157020700206006,芸香科,橘叶,叶,丝,nan,nan
三叉苦,6157021200104007,芸香科,三叉苦,枝叶,段,nan,三桠苦、三叉苦
佛手花,6157030200100001,芸香科,佛手花,花或花蕾,nan,nan,nan
玳玳花,6157030300100000,芸香利,玳玳花,花蕾,nan,nan,nan
烫枳实,6157040100202224,芸香科,枳实,幼果,薄片,砂烫,nan
柚果,6157040100302009,芸香科,柚果,未成熟果实,薄片,nan,nan
炒吴茱萸,6157040200300110,芸香科,吴茱萸,果实,nan,炒黄,nan
酒炙吴茱萸,6157040200300318,芸香科,吴茱萸,果实,nan,酒炙,nan
醋炙吴茱萸,6157040200300325,芸香科,吴茱萸,果实,nan,醋炙,nan
盐吴茱萸,6157040200300332,芸香科,吴茱萸,果实,nan,盐炙,nan
姜汁制吴茱萸,6157040200300349,芸香科,吴茱萸,果实,nan,姜汁制,nan
黄连水炙吴茱萸,6157040200300394,芸香科,吴茱萸,果实,nan,黄连水炙,nan
野花椒,6157040200400001,芸香科,野花椒,果实,nan,nan,山花椒、土花椒
醋陈皮,6157040400306325,芸香科,陈皮,成熟果皮,丝,醋炙,醋橘皮、醋广陈皮
陈皮炭,6157040400306417,芸香科,陈皮,成熟果皮,丝,炒炭,橘皮炭、广陈皮炭
蒸陈皮,6157040400306608,芸香科,陈皮,成熟果皮,丝,蒸,蒸橘皮、蒸广陈皮
麸炒青皮,6157040400406216,芸香科,青皮,幼果或未成熟果实的果皮,厚片或丝,麸炒,nan
橙皮,6157040400603004,芸香科,橙皮,成熟果皮,厚片,nan,nan
椒目,6157040600200003,芸香科,椒目,种子,nan,nan,nan
柚核,6157040600300000,芸香科,柚核,种子,nan,nan,nan
黄皮核,6157040600400007,芸香科,黄皮核,成熟种子,nan,nan,nan
橘络,6157040900106005,芸香科,橘络,中果皮与内果皮之间的维管束群,丝,nan,nan
东风桔,615705010010300,芸香科,东风桔,全株,厚片,nan,东风橘
凤眼草,6157140200200004,苦木科,凤眼草,成熟果实,nan,nan,nan
醋川楝子,6157340200100322,楝科,川楝子,果实,nan,醋炙,醋金铃子
盐川楝子,6157340200100339,楝科,川楝子,果实,nan,盐炙,盐金铃子
蜜远志,6157510100104359,远志科,远志,根,段,蜜炙,nan
炊远志,6157510100104816,远志科,远志,根,段,坟,nan
朱远志,6157510100104885,远志科,远志,根,段,朱砂拌,nan
鸡骨香,6157710100304005,大戟科,鸡骨香,根,段,nan,nan
红蓖麻根,6157710100404002,大戟科,红蓖麻根,根,段,nan,nan
白背叶根,6157710300103002,大戟科,白背叶根,根及根茎,厚片,nan,野桐根、白朴根、白膜根
乌柏,6157720500106000,大戟科,乌柏,根皮,丝,nan,nan
广东紫荆皮,6157720500203006,大戟科,广东紫荆皮,树皮,厚片,nan,广东紫槿皮、余甘子树皮
泽漆,6157750100204004,大戟科,泽漆,全草,段,nan,nan
珍珠透骨草,6157750100304001,大戟科,珍珠透骨草,全草,段,nan,nan
叶下珠,6157750100404008,大戟科,叶下珠,全草,段,nan,珍珠草
鬼画符,6157750100603005,大戟科,鬼画符,全株,厚片,nan,黑面神
桐油,6157790800100008,大戟科,桐油,种子所榨出的油,nan,nan,桐子油
牛耳枫,6157821200104003,虎皮楠科,牛耳枫,带叶茎枝,段,nan,nan
漆树根,6158310100104002,漆树科,漆树根,根,段,nan,nan
盐肤木,6158310300104000,漆树科,盐肤木,根及茎,段或块,nan,nan
芒果叶,6158320700100007,漆树科,芒果叶,叶,nan,nan,忙果叶
芒果核,6158340600100006,漆树科,芒果核,成熟果核,nan,nan,nan
毛冬青,6158510100103009,冬青科,毛冬青,根,厚片,nan,nan
岗梅,6158510100203006,冬青科,岗梅,根,厚片,nan,岗梅根
苦丁茶,6158520700300005,冬青科,苦丁茶,叶,nan,nan,nan
昆明山海棠,6158610100203003,卫矛科,昆明山海棠,根,厚片,nan,nan
雷公藤,6158610300103004,卫矛科,雷公藤,根及根茎,厚片,nan,nan
扶芳藤,6158650500103008,卫矛科,扶芳藤,地上部分,厚片,nan,nan
鬼箭羽,6158690900100009,卫矛科,鬼箭羽,茎的翅状物,nan,nan,nan
桑芽炭,6159120700100422,槭树科,桑芽,嫩芽,nan,煅炭,青桑炭
蝴蝶果,6159140200100005,槭树科,蝴蝶果,成熟果实,nan,nan,红蝴蝶
无患子根,6159310100103004,无患子科,无患子根,根,厚片或段,nan,木患根
桂圆核,6159340600200002,无患子科,桂圆核,种子,nan,nan,龙眼核
石钻子,615941010010300,清风藤科,石钻子,根,厚片,nan,铁牛石钻、钻石风
凤仙透骨草,6159520900104006,凤仙花科,凤仙透骨草,茎,段,nan,nan
铁包金,6159610100104002,鼠李科,铁包金,根,段,nan,nan
翼核果根,6159610100203002,鼠李科,翼核果根,根,厚片或段,nan,nan
血风藤,6159620900103006,鼠李科,血风藤,茎,厚片,nan,血枫藤、青藤、青筋藤、铁牛入石
蜜枣,6159640200100352,鼠李科,大枣,果实,破开或去核,蜜炙,nan
枳棋子,6159640600200003,鼠李科,枳棋子,成熟种子,nan,nan,nan
蛇葡萄,6159710300103000,葡萄科,蛇葡萄,根及根茎,厚片,nan,蛇葡萄根、野葡萄根
安痛藤,6159720100103001,葡萄科,安痛藤,藤茎,厚片,nan,nan
山葡萄,6159721200104004,葡萄科,山葡萄,茎和叶,段,nan,nan
三叶青,6159750100103008,葡萄科,三叶青,全草,块根切片，茎叶切段,nan,nan
木槿皮,6160020500100003,锦葵科,木槿皮,树皮,nan,nan,川槿皮
木芙蓉花,6160030200100005,锦葵科,木芙蓉花,花,nan,nan,nan
木槿花,6160030200200002,锦葵科,木槿花,花,nan,nan,nan
黄花稔,6160050100104002,锦葵科,黄花稔,全草,段,nan,梅肉草
磨盘草,6160050100204009,锦葵科,磨盘草,全草,段,nan,nan
地桃花,6160050500104008,锦葵科,地桃花,地上部分,段,nan,千下锤
广东海桐皮,616012050010300,木棉科,广东海桐皮,树皮,厚片,nan,木棉皮、木棉树皮、广海桐皮
半枫荷,6160210100103003,梧桐科,半枫荷,根,厚片,nan,nan
山芝麻,6160240200103009,梧桐科,山芝麻,根,厚片,nan,nan
猕猴桃根,6160410100203004,猕猴桃科,猕猴桃根,根,厚片,nan,藤梨根
猫人参,6160410300103005,猕猴桃科,猫人参,根及粗茎,厚片,nan,nan
茶叶,6160620700100003,山茶科,茶叶,嫩叶或嫩芽经加工制成,nan,nan,青茶、绿茶、绿茶叶
金花茶,6160620700300007,山茶科,金花茶,叶,nan,nan,nan
地耳草,616075010010400,藤黄科,地耳草,全草,段,nan,田基黄
红旱莲,6160750500204004,藤黄科,红旱莲,地上部分,段,nan,黄海棠
生藤黄,6160790200100008,藤黄科,藤黄,树干渗出的树脂,nan,nan,nan
制藤黄,616079020010799,藤黄科,藤黄,树干渗出的树脂,颗粒及粉末,溶解过滤浓缩干燥,nan
大风子仁,6161540500100005,大风子科,大风子仁,种仁,nan,nan,nan
大风子,6161540600100004,大风子科,大风子,成熟种子,nan,nan,大枫子
红天葵,6162010800200006,秋海棠科,红天葵,球茎或全株,nan,nan,红水葵
了哥王,6162310100103008,瑞香科,了哥王,根或根茎,厚片,nan,nan
祖师麻,6162320600104009,瑞香科,祖师麻,茎皮及根皮,段,nan,nan
胡颓子根,6162410100103005,胡颓子科,胡颓子根,根,厚片,nan,nan
胡颓子叶,6162420700100007,胡颓子科,胡颓子叶,叶,nan,nan,羊奶奶叶、棋糊
喜树果,6163140200100008,珙桐科,喜树果,成熟果实,nan,nan,nan
八角枫,6163210200104006,八角枫科,八角枫,侧根或细须根,段,nan,nan
炒诃子肉,6163340200300112,使君子科,诃子肉,果实,去核,炒黄,炒诃黎勒
煨诃子肉,6163340200300808,使君子科,诃子,果实,去核,煨,煨诃黎勒
桃金娘根,616341010010400,桃金娘科,桃金娘根,根,段,nan,岗稔根、山稔根
土槿皮,6163420500100008,桃金娘科,土槿皮,树皮,nan,nan,广东土槿皮、广土槿皮、水翁树皮、水榕树皮
番石榴叶,6163420700100006,桃金娘科,番石榴叶,叶,nan,nan,nan
大叶桉,616342070020400,桃金娘科,大叶桉,叶,段,nan,大叶桉叶、桉叶
直杆蓝桉,6163421200304000,桃金娘科,直杆蓝桉,叶及嫩枝,段,nan,nan
水翁花,6163430300200006,桃金娘科,水翁花,花蕾,nan,nan,nan
番石榴果,6163440100100000,桃金娘科,番石榴果,未成熟果实,nan,nan,nan
岗稔子,6163440200200006,桃金娘科,岗稔子,成熟果实,nan,nan,nan
野牡丹根,6163510100204005,野牡丹科,野牡丹根,根,段,nan,nan
地稔,6163550100104004,野牡丹科,地稔,全草,段,nan,nan
金锦香,6163550100204001,野牡丹科,金锦香,全草,段,nan,天香炉、天香芦、硬地丁、金石榴
水龙,6163750100104008,柳叶菜科,水龙,全草,段,nan,过塘蛇
红参须,6164210100300606,五加科,红参须,须根,nan,nan,nan
三七片,6164210300202007,五加科,三七片,根及根茎,薄片,nan,三七、田七、田山七、参三七
白半枫荷,6164210300404005,五加科,白半枫荷,根及茎,段,nan,nan
鸭脚木皮,6164220500106005,五加科,鸭脚木皮,树皮,丝,nan,鸭脚皮、鸭脚木
川加皮,6164220500206002,五加科,川加皮,茎皮,块或丝,nan,红毛五加皮
想木,6164220600203000,五加科,想木,根皮,厚片,nan,刺江亩
汉桃叶,6164221200104001,五加科,汉桃叶,带叶茎枝,段,nan,七叶莲
三七花,6164230200100005,五加科,三七花,花,nan,nan,nan
蒸北沙参,6164310100104607,伞形科,北沙参,根,段,蒸,蒸北条参
炒当归,6164310100302119,伞形科,当归,根,薄片,清炒,nan
土炒当归,6164310100302263,伞形科,当归,根,薄片,土炒,nan
当归炭,6164310100302416,伞形科,当归,根,薄片,炒炭,土炒当归
酒洗当归,6164310100302911,伞形科,当归,根,薄片,酒洗,nan
当归尾,6164310100402000,伞形科,当归,支根,薄片,nan,nan
防风炭,6164310100503417,伞形科,防风,根,厚片,炒炭,关防风炭、北防风炭
酒柴胡,6164310100903316,伞形科,柴胡,根,厚片,酒炙,nan
鳖血柴胡,6164310100903392,伞形科,柴胡,根,厚片,鳖血炙,nan
香白芷,6164310101203002,伞形科,香白芷,根,厚片,nan,过山香
竹叶柴胡,6164310101303009,伞形科,竹叶柴胡,根,厚片,nan,nan
当归身,6164310101402009,伞形科,当归,根,薄片,nan,nan
酒川芎,6164310500103316,伞形科,川芎,根茎,厚片,酒炙,酒芎穷
芹菜子,6164340200400002,伞形科,芹菜子,成熟果实,nan,nan,nan
芫荽,6164350100204006,伞形科,芫荽,全草,段,nan,胡荽、香菜
炒山萸肉,6164440400100112,山茱萸科,山茱萸,果肉,nan,炒黄,炒山茱萸
走马胎,617051010010300,紫金牛科,走马胎,根,厚片,nan,nan
小罗伞,6170510100203008,紫金牛科,小罗伞,nan,根或全株,厚片或段,nan
虎舌红,6170550100204001,紫金牛科,虎舌红,nan,全株,段,nan
柿叶,6170920700107000,柿树科,柿叶,nan,叶,碎屑,nan
柿霜,6170990800100003,柿树科,柿霜,nan,加工品,nan,nan
酒安息香,6171190200100316,安息香科,安息香,nan,树脂,nan,酒炙
扭肚藤,6171221200104001,木犀科,扭肚藤,nan,嫩茎及叶,段,nan
茉莉花,6171230200100005,木犀科,茉莉花,nan,花蕾及初开的花,nan,nan
素馨花,6171230300100004,木犀科,素馨花,nan,花蕾,nan,nan
盐女贞子,6171240200100332,木犀科,女贞子,nan,果实,nan,盐炙
连翘心,6171240600100000,木犀科,连翘心,nan,种子,nan,nan
钩吻,6171310100100005,马钱科,钩吻,nan,根,nan,nan
油炙马钱子,6171340600100366,马钱科,马钱子,nan,种子,nan,油炙
尿制马钱子,6171340600100991,马钱科,马钱子,nan,种子,nan,尿制
酒龙胆,6171410300104312,龙胆科,龙胆,nan,根和根茎,段,酒炙
肺形草,6171450100404007,龙胆科,肺形草,nan,全草,段,nan
羊角拗,6171510300100007,夹竹桃,羊角拗,nan,根及茎,nan,nan
夹竹桃,6171520700207008,夹竹桃科,夹竹桃,nan,叶,碎屑,nan
鸡蛋花,6171530200100006,夹竹桃科,鸡蛋花,nan,花,nan,nan
春根藤,6171550100104003,夹竹桃科,春根藤,nan,全草及根,段,nan
炒白前,6171610300104118,萝摩科,白 前,nan,根和根茎,段,清炒
牛皮冻,6171610400103004,萝摩科,牛皮冻,nan,块根,厚片,nan
天浆壳,6171640400100000,萝摩科,天浆壳,nan,果壳,nan,nan
炒菟丝子,6171740600200118,旋花科,菟丝子,nan,成熟种子,nan,炒黄
酒菟丝子饼,6171740600200613,旋花科,菟丝子,nan,种子,nan,酒蒸
菟丝草,6171750500104003,旋花科,菟丝草,nan,地上部分,段,nan
滇紫草,617202060010200,紫草科,滇紫草,nan,根部栓皮,薄片,nan
裸花紫珠,6172120700507000,马鞭草科,裸花紫珠,nan,叶,碎屑,nan
牡荆子,6172140200200003,马鞭草科,牡荆子,nan,成熟果实,nan,nan
黄荆子,6172140200300000,马鞭草科,黄荆子,nan,果实,nan,nan
五指柑,6172150100104004,马鞭草科,五指柑,全草,段,nan,nan
独角球,6172150100204001,马鞭草科,独角球,全草,段,nan,兰香草、独脚球、八宝塔
白花灯笼,6172150100304008,马鞭草科,白花灯笼,根或全株,段,nan,山顶企、苦灯笼、鬼灯笼、白花鬼灯笼
紫珠,6172150500204007,马鞭草科,紫珠,地上部分,段,nan,nan
炒黄芩,6172210100102117,唇形科,黄芩,根,薄片,炒黄,炒子芩、炒枯芩
黄芩炭,6172210100102414,唇形科,黄芩,根,薄片,炒炭,子芩炭、枯芩炭
炒丹参,6172210300103112,唇形科,丹参,根和根茎,厚片,炒黄,炒紫丹参、炒赤丹参
猪心血拌丹参,6172210300103990,唇形科,丹参,根和根茎,厚片,猪心血拌,猪心血拌紫丹参、猪心血拌赤丹参
蜜苏子,6172240200200352,唇形科,苏子,果实,nan,蜜炙,蜜紫苏子
苏子霜,6172240200200833,唇形科,苏子,果实,nan,制霜,紫苏子霜
牛至,6172250100504009,唇形科,牛至,全草,段,nan,nan
向天盏,6172250100604006,唇形科,向天盏,全草,段,nan,韩信草、虎咬红
凉粉草,6172250100704003,唇形科,凉粉草,全草,段,nan,nan
炒荆芥,6172250500404114,唇形科,荆芥,地上部分,段,炒黄,nan
酒益母草,6172250500604316,唇形科,益母草,地上部分,段,酒炙,nan
醋益母草,6172250500604323,唇形科,益母草,地上部分,段,醋炙,nan
溪黄草,6172250501100008,唇形科,溪黄草,地上部分,nan,nan,nan
石见穿,6172250501204003,唇形科,石见穿,地上部分,段,nan,nan
肾茶,6172250501504004,唇形科,肾茶,地上部分,段,nan,猫须茶
茄根,6172310300100002,茄科,茄根,根和茎,nan,nan,茄子根、白茄根
丁茄根,6172310300203000,茄科,丁茄根,根及老茎,厚片,nan,金钮扣
炒枸杞子,6172340200200113,茄科,枸杞子,果实,nan,炒黄,炒枸杞、炒甘枸杞
酒蒸枸杞,6172340200200618,茄科,枸杞子,果实,nan,酒蒸,酒蒸枸杞子、酒蒸甘枸杞
龙葵果,6172340200400001,茄科,龙葵果,近成熟果实,nan,nan,nan
白 英,6172350100204005,茄科,白 英,全草,段,nan,nan
龙葵,6172350500104004,茄科,龙葵,地上部分,段,nan,nan
盐玄参,6172410100102333,玄参科,玄参,根,薄片,盐炙,盐元参
酒地黄,6172410400103313,玄参科,地黄,块根,厚片,酒炙,nan
地黄炭,6172410400103412,玄参科,地黄,块根,厚片,炒炭,生地炭
炊地黄,6172410400103818,玄参科,地黄,块根,厚片,炊,nan
熟地炭,6172410400103948,玄参科,地黄,块根,厚片,酒炖后炒炭,熟地黄炭
独脚金,6172450100404006,玄参科,独脚金,全草,段,nan,nan
鬼羽箭,6172450100504003,玄参科,鬼羽箭,全草,段,nan,nan
毛麝香,6172450100604000,玄参科,毛麝香,全草,段,nan,蓝花草、酒子草
水芙蓉,6172450100704007,玄参科,水芙蓉,全草,段,nan,nan
冰糖草,6172450100804004,玄参科,冰糖草,全草,段,nan,野甘草
鹿茸草,6172450100904001,玄参科,鹿茸草,全草,段,nan,nan
穿心莲叶,6173120700104000,爵床科,穿心莲叶,叶,段,nan,nan
南大青叶,6173120700204007,爵床科,南大青叶,叶,段,nan,nan
狗肝菜,6173150100104003,爵床科,狗肝菜,全草,段,nan,nan
爵床,6173150100204000,爵床科,爵床,全草,段,nan,疳积草
大驳骨,6173150500304003,爵床科,大驳骨,地上部分,段,nan,nan
炒车前子,6173440600100118,车前科,车前子,成熟种子,nan,炒黄,nan
酒车前子,6173440600100316,车前科,车前子,种子,nan,酒炙,nan
酒巴戟天,6173510100104319,茜草科,巴戟天,根,段,酒炙,nan
水杨梅根,6173510100203005,茜草科,水杨梅根,根,厚片或段,nan,水高丽
胆木,6173510300203003,茜草科,胆木,茎干及根,厚片,nan,乌檀
醋红大戟,6173510400103326,茜草科,红大戟,块根,厚片,醋炙,醋京大戟
羊角藤,6173510500100003,茜草科,羊角藤,根及藤茎,nan,nan,节节花
山大颜,6173521200207008,茜草科,山大颜,叶及嫩枝,碎屑,nan,nan
蔓九节,6173521200304004,茜草科,蔓九节,带叶茎枝,段,nan,广东络石藤、穿根藤
姜栀子,6173540200107347,茜草科,栀子,果实,碎块,姜炙,nan
栀子炭,6173540200107415,茜草科,栀子,成熟果实,碎块,炒炭,nan
水线草,6173550100100003,茜草科,水线草,全草,nan,nan,nan
白花蛇舌草,6173550100204008,茜草科,白花蛇舌草,全草,段,nan,nan
猪殃殃,6173550100304005,茜草科,猪殃殃,全草,段,nan,nan
六月雪,6173550100403005,茜草科,六月雪,全株,厚片,nan,白马骨
虎刺,6173550100504009,茜草科,虎刺,全株,段,nan,绣花针
黄毛耳草,6173550100604006,茜草科,黄毛耳草,全草,段,nan,nan
牛白藤,6173550100703006,茜草科,牛白藤,全草,厚片或段,nan,nan
鸡矢藤,6173550500104007,茜草科,鸡矢藤,地上部分,段,nan,鸡屎藤
接骨木,6173620200103003,忍冬科,接骨木,茎枝,厚片,nan,扦扦活
金银花叶,6173620700100007,忍冬科,金银花叶,叶,nan,nan,忍冬叶、金银忍冬叶
山银花炭,6173630200100414,忍冬科,山银花,花蕾或带初开的花,nan,炒炭,nan
蜜金银花,6173630200200350,忍冬科,金银花,花蕾或带初开的花,nan,蜜炙,蜜忍冬花、蜜银花、蜜二花、蜜双花
金银花炭,6173630200200411,忍冬科,金银花,花蕾或带初开的花,nan,炒炭,忍冬花炭、银花炭、二花炭、双花炭
陆英,6173650100104008,忍冬科,陆英,全草,段,nan,八棱麻、接骨草、蒴藿、走马箭、走马风
墓头回,6173810100103009,败酱科,墓头回,根,片,nan,nan
败酱草,6173850100104002,败酱科,败酱草,全草,段,nan,nan
蜜瓜萎,6174040200105354,葫芦科,瓜萎,果实,丝或块,蜜炙,蜜全瓜萎、蜜栝楼
苦瓜干,6174040200400008,葫芦科,苦瓜干,近成熟果实,nan,nan,苦瓜、癞葡萄
丝瓜,6174040200704007,葫芦科,丝瓜,果实,段,nan,nan
西瓜皮,6174040400405001,葫芦科,西瓜皮,果皮,块,nan,西瓜翠、西瓜翠衣
葫芦,6174040400502007,葫芦科,葫芦,果皮,薄片,nan,抽葫芦、葫芦壳
丝瓜皮,6174040400604008,葫芦科,丝瓜皮,果皮,段,nan,nan
甜瓜蒂,6174040500500002,葫芦科,甜瓜蒂,果柄,nan,nan,瓜蒂、苦丁香
蜜瓜萎子,6174040600200352,葫芦科,瓜萎子,种子,nan,蜜炙,蜜瓜萎仁、蜜栝楼子、蜜栝楼仁
瓜萎子霜,6174040600200833,葫芦科,瓜萎子,种子,nan,制霜,瓜萎仁霜、栝楼子霜、栝楼仁霜
冬瓜子,6174040600400004,葫芦科,冬瓜子,成熟种子,nan,nan,nan
炒冬瓜子,6174040600400110,葫芦科,冬瓜子,种子,nan,炒黄,nan
南瓜子,617404060050000,葫芦科,南瓜子,种子,nan,nan,nan
绞股蓝,617405050010400,葫芦科,绞股蓝,地上部分,段,nan,nan
蜜党参,6174110100203358,桔梗科,党参,根,厚片,蜜炙,蜜潞党、蜜台党
四叶参,6174110100403000,桔梗科,四叶参,根,厚片,nan,山海螺、羊乳、羊乳根、奶参
蓝花参,6174150100204009,桔梗科,蓝花参,全草,段,nan,兰花参
酒洗木香,6174410100303912,菊科,木香,根,片,酒洗,酒洗广木香、酒洗云木香
广东土牛膝,6174410100604002,菊科,广东土牛膝,根,段,nan,nan
大蓟根,6174410100703002,菊科,大蓟根,根,厚片,nan,nan
马兰根,6174410300207003,菊科,马兰根,根及根茎,碎品,nan,白马兰根、马兰头根
广升麻,6174410400100006,菊科,广升麻,块根,nan,nan,蓝肉升麻、汝城升麻
焦白术,6174410500203126,菊科,白 术,根茎,厚片,炒焦,nan
土炒白术,6174410500203263,菊科,白 术,根茎,厚片,土炒,nan
白术炭,6174410500203416,菊科,白 术,根茎,厚片,炒炭,nan
制白术,6174410500203607,菊科,白 术,根茎,厚片,蒸,nan
漂白术,6174410500203904,菊科,白 术,根茎,厚片,米泔水漂,nan
炒苍术,6174410500303116,菊科,苍术,根茎,厚片,炒黄,炒茅苍术
漂苍术,617441050030390,菊科,苍术,根茎,厚片,米泔水漂,漂茅苍术
炒艾叶,6174420700100118,菊科,艾叶,叶,去梗,炒黄,nan
醋艾叶,6174420700100323,菊科,艾叶,叶,去梗,醋炙,nan
艾叶炭,6174420700100415,菊科,艾叶,叶,去梗,炒炭,nan
甜叶菊,6174420700300006,菊科,甜叶菊,叶,nan,nan,nan
艾纳香,6174421200204009,菊科,艾纳香,叶及嫩枝,段,nan,nan
菊花炭,6174430100200417,菊科,菊花,头状花序,nan,炒炭,白菊花炭、毫菊炭、杭菊炭、甘菊炭、滁菊炭、贡菊炭
山黄菊,6174430100400008,菊科,山黄菊,头状花序,nan,nan,广东旋覆花
雪莲花,6174430200200003,菊科,雪莲花,全草,nan,nan,nan
白 眉,617445010050400,菊科,白 眉,全草,段,nan,白眉草、毛丁白头翁、一枝香
鼠曲草,6174450100604008,菊科,鼠曲草,全草,段,nan,佛耳草
金盏银盘,6174450100704005,菊科,金盏银盘,全草,段,nan,三叶鬼针草
螭螃草,6174450100804002,菊科,螭螃草,全草,段,nan,nan
一点红,6174450100904009,菊科,一点红,全草,段,nan,羊蹄草
地胆草,6174450101104002,菊科,地胆草,全草,段,nan,nan
马兰草,6174450101204009,菊科,马兰草,全草,段,nan,鸡儿肠、马兰、鱼鳅串
夜香牛,6174450101304006,菊科,夜香牛,全草,段,nan,nan
蛤爪草,6174450101404003,菊科,蛤爪草,全草,段,nan,鹿角草
鲜牛劳草,6174450101908006,菊科,鲜牛劳草,全草,鲜药,nan,nan
鬼针草,6174450501604003,菊科,鬼针草,地上部分,段,nan,婆婆针、狼把草
刘寄奴,6174450501704000,菊科,刘寄奴,地上部分,段,nan,鸭脚艾
五月艾,6174450501804007,菊科,五月艾,地上部分,段,nan,nan
苍耳草,6174450501904004,菊科,苍耳草,地上部分,段,nan,虱母头、白花虱母头
六棱菊,6174450502004000,菊科,六棱菊,地上部分或全草,段,nan,nan
炒蒲黄,6190130500100116,香蒲科,蒲黄,花粉,nan,炒黄,nan
露兜筋,6190210300104009,露兜树科,露兜筋,根及根茎,段或块,nan,露兜根
酒三棱,6190310600102313,黑三棱科,三棱,块茎,薄片,酒炙,酒黑三棱、酒京三棱、酒荆三棱
麸炒泽泻,6190810600103216,泽泻科,泽泻,块茎,厚片,麸炒,nan
糯稻根,6191210100103003,禾本科,糯稻根,根及茎基,厚片,nan,nan
炒白茅根,6191210500104112,禾本科,白茅根,根茎,段,清炒,炒茅根
竹心,6191220700200002,禾本科,竹心,卷而未放的幼叶,nan,nan,竹叶卷心、竹卷心
苦竹叶,6191220700300009,禾本科,苦竹叶,嫩叶,nan,nan,nan
麸炒竹茹,6191220900104216,禾本科,竹茹,茎秆的干燥中间层,段或小团,麸炒,nan
苇茎,6191220900204008,禾本科,苇茎,茎,段,nan,苇根
玉米须,6191230100100000,禾本科,玉米须,花柱和柱头,nan,nan,nan
茅针花,6191230700100004,禾本科,茅针花,花穗,nan,nan,茅根花
浮小麦,6191240200100008,禾本科,浮小麦,轻浮瘪瘦果实,nan,nan,nan
炒浮小麦,6191240200100114,禾本科,浮小麦,轻浮瘪瘦果实,nan,炒黄,nan
小麦,6191240200200005,禾本科,小麦,成熟果实,nan,nan,淮小麦
玉米心,6191240200303003,禾本科,玉米心,果序轴,厚片,nan,玉米芯
大麦,6191240200400009,禾本科,大麦,果实,nan,nan,nan
炒薏苡仁,6191240500100111,禾本科,薏苡仁,种仁,nan,炒黄,炒薏苡、炒苡仁、炒苡米
土炒薏苡仁,6191240500100265,禾本科,薏苡仁,种仁,nan,土炒,土炒薏苡、土炒苡仁、土炒苡米
陈仓米,6191240500200002,禾本科,陈仓米,种仁,nan,nan,nan
糯米,6191240500500003,禾本科,糯米,种仁,nan,nan,nan
炒糯米,6191240500500119,禾本科,糯米,种仁,nan,炒黄,nan
粳米,6191240600100004,禾本科,粳米,种子,nan,nan,nan
牛筋草,6191250100107007,禾本科,牛筋草,全草,碎屑,nan,nan
香茅草,6191250500104002,禾本科,香茅草,地上部分,段,nan,nan
麦芽炭,6191290800200417,禾本科,麦芽,加工品,nan,炒炭,nan
麦芽曲,6191290800200875,禾本科,麦芽,加工品,nan,发酵,nan
麸炒麦芽,6191290800200943,禾本科,麦芽,加工品,nan,发芽、麸炒,nan
甘蔗滓,6191290800400008,禾本科,甘蔗滓,茎秆经榨出蔗汁后的干燥渣滓,nan,nan,nan
鲜竹沥,6191290900208009,禾本科,鲜竹沥,鲜杆中的液体,鲜药,nan,nan
酒香附,6191310500103310,莎草科,香附,根茎,厚片或碾碎,酒炙,nan
香附炭,6191310500103419,莎草科,香附,根茎,厚片或碾碎,炒炭,nan
四制香附,6191310500103990,莎草科,香附,根茎,厚片或碾碎,姜汁、盐水、酒、醋制,nan
蒲葵子,6191440200102006,棕榈科,蒲葵子,成熟果实,nan,nan,葵树子
麸炒石莒蒲,6191610500203219,天南星科,石莒蒲,根茎,厚片,麸炒,nan
姜石菖蒲,6191610500203349,天南星科,石菖蒲,根茎,厚片,姜炙,nan
仙半夏,6191610600200927,天南星科,半夏,块茎,nan,仙制,nan
竹沥半夏,6191610600200934,天南星科,半夏,块茎,nan,竹沥制,nan
水半夏,6191610600402000,天南星科,水半夏,块茎,薄片,nan,nan
姜水半夏,6191610600402727,天南星科,水半夏,块茎,薄片,姜矾制,制水半夏
蛇六谷,6191610600500003,天南星科,蛇六谷,块茎,nan,nan,nan
鸡爪芋,619161060060300,天南星科,鸡爪芋,块茎,厚片,nan,nan
石蒲藤,6191650100104004,天南星科,石蒲藤,全草,段,nan,nan
大浮萍,619165010020400,天南星科,大浮萍,不带花的全草,段,nan,广浮萍
痰火草,6192450100100001,鸭跖草科,痰火草,全草,nan,nan,nan
朱砂拌灯心,6192720300104889,灯心草科,灯心草,茎髓,段,朱砂拌,朱砂拌灯心草
青黛拌灯心,6192720300104896,灯心草科,灯心草,茎髓,段,青黛拌,青黛拌灯心草
炒百部,6192810400103117,百部科,百部,块根,厚片,清炒,nan
蒸百部,6192810400103605,百部科,百部,块根,厚片,蒸,nan
藜芦,6192910100203008,百合科,藜芦,根,厚片,nan,nan
铁丝威灵仙,6192910300100008,百合科,铁丝威灵仙,根及根茎,nan,nan,nan
酒炙铁丝威灵仙,6192910300103313,百合科,铁丝威灵仙,根及根茎,厚片,酒炙,nan
萱草根,6192910300202009,百合科,萱草根,根及根茎,薄片,nan,nan
蒸天冬,6192910400202602,百合科,天冬,块根,薄片,蒸,蒸天门冬
蒸麦冬,6192910400300605,百合科,麦冬,块根,nan,蒸,蒸麦门冬、蒸寸冬
朱麦冬,6192910400300889,百合科,麦冬,块根,nan,朱砂拌,朱麦门冬、朱寸冬
黛麦冬,6192910400300896,百合科,麦冬,块根,nan,青黛拌,黛麦门冬、黛寸冬
酒玉竹,6192910500203318,百合科,玉竹,根茎,厚片或段,酒炙,酒葳蕤
炙玉竹,6192910500203356,百合科,玉竹,根茎,厚片或段,蜜炙,炙葳蕤、蜜葳蕤
酒知母,6192910500303315,百合科,知母,根茎,厚片,酒炙,nan
蚊黄精,6192910500603811,百合科,黄精,根茎,厚片,坟,nan
蒸川贝母,6192910700200605,百合科,川贝母,鳞茎,nan,蒸,蒸川贝
葱白,6192910701000006,百合科,葱白,鳞茎,nan,nan,nan
光慈菇,6192910701100003,百合科,光慈菇,鳞茎,nan,nan,nan
细香葱,6192910701200000,百合科,细香葱,鳞茎,nan,nan,nan
肺筋草,619295010020400,百合科,肺筋草,全草,段,nan,小肺筋草
酒仙茅,6193010500104314,石蒜科,仙茅,根茎,段,酒炙,酒仙茅根
炒山药,6193210500103113,薯蓣科,山药,根茎,厚片,清炒,炒怀山药、炒淮山药、炒毛山药、炒光山药
土炒山药,6193210500103267,薯蓣科,山药,根茎,厚片,土炒,土炒怀山药、土炒淮山药、土炒毛山药、土炒光山药
乳山药,6193210500103694,薯蓣科,山药,根茎,厚片,乳蒸,乳怀山药、乳淮山药、乳毛山药、乳光山药
广山药,6193210500603002,薯蓣科,广山药,根茎,厚片,nan,nan
黄药子,6193210600103006,薯蓣科,黄药子,块茎,厚片,nan,nan
红孩儿,6193210600203003,薯蓣科,红孩儿,块茎,厚片,nan,nan
马蔺子,6193340600100009,鸢尾科,马蔺子,成熟种子,nan,nan,nan
炒郁金,6193510400102118,姜科,郁金,块根,薄片,炒黄,炒温郁金、炒广郁金、炒川郁金
酒郁金,6193510400102316,姜科,郁金,块根,薄片,酒炙,酒温郁金、酒广郁金、酒川郁金
醋郁金,6193510400102323,姜科,郁金,块根,薄片,醋炙,醋温郁金、醋广郁金、醋川郁金
炒干姜,6193510500203111,姜科,干姜,根茎,厚片或块,炒黄,nan
煨姜,619351050040380,姜科,生姜,根茎,厚片或块,煨,nan
麸炒莪术,6193510500703215,姜科,莪术,根茎,厚片,麸炒,麸炒蓬术、麸炒文术、麸炒蓬莪术
土田七,6193510600100006,姜科,土田七,块茎,nan,nan,三七姜、姜叶三七、姜三七
炒砂仁,6193540200300117,姜科,砂仁,果实,nan,炒黄,炒阳春砂
盐砂仁,6193540200300339,姜科,砂仁,果实,nan,盐炙,盐阳春砂
姜砂仁,6193540200300346,姜科,砂仁,果实,nan,姜炙,姜制砂仁、姜阳春砂
炒益智仁,6193540200500111,姜科,益智,成熟果实,去外壳,炒,炒益智
姜天麻,6193910600102343,兰科,天麻,块茎,薄片,姜制,姜明天麻
青天葵,6193950100100005,兰科,青天葵,全草,nan,nan,nan
石仙桃,6193950100204000,兰科,石仙桃,全草,段,nan,nan
有瓜石斛,6193950100304007,兰科,有瓜石斛,带假鳞茎的全草,段,nan,nan
见血清,6193950100404004,兰科,见血清,全草,段,nan,见血莲
铁树叶,6194020700106000,龙舌兰科,铁树叶,叶,丝,nan,nan
龙血竭,6194090200105001,龙舌兰科,龙血竭,树脂,块,nan,nan
炒建曲,6199990800200111,多来源,建曲,加工品,nan,炒黄,炒建神曲
建曲,6199990800200876,多来源,建曲,加工品,nan,发酵,建神曲
炒六神曲,6199990800300118,多来源,六神曲,加工品,nan,清炒,nan
焦六神曲,6199990800300125,多来源,六神曲,加工品,nan,炒焦,nan
麸炒六神曲,6199990800300217,多来源,六神曲,加工品,nan,麸炒,麸炒神曲
六神曲,6199990800300873,多来源,六神曲,加工品,nan,发酵,nan
炒半夏曲,6199990800500112,多来源,半夏曲,加工品,nan,nan,nan
半夏曲,6199990800500877,多来源,半夏曲,加工品,nan,发酵,nan
冰糖,6199990800800007,多来源,冰糖,加工品,nan,nan,nan
百草霜,6199990900100007,多来源,百草霜,灶额及烟炉中墨烟,nan,nan,nan
紫梢花,6200110100100002,淡水海绵科,紫梢花,群体,nan,nan,nan
珊瑚,6202130100100008,矶花科,珊瑚,石灰质骨骼,nan,nan,nan
鹅管石,6202230100100005,树珊瑚科,鹅管石,石灰质骨骼,nan,nan,nan
煅鹅管石,6202230100100517,树珊瑚科,鹅管石,石灰质骨骼,nan,煅,nan
酒地龙,6203110200104310,钜蚓科,地龙,去内脏动物体,段,酒制,酒广地龙
甘草泡地龙,6203110200104716,钜蚓科,地龙,去内脏动物体,段,甘草泡,甘草泡广地龙
赤地龙,6203210100200003,正蚓科,赤地龙,虫体,nan,nan,赤龙
牡蛎肉,6205110200100006,牡蛎科,牡蛎肉,软体部分,nan,nan,nan
醋牡蛎,6205120300107324,牡蛎科,牡蛎,贝壳,碎块,醋炙,nan
盐牡蛎,6205120300107331,牡蛎科,牡蛎,贝壳,碎块,盐炙,nan
盐煅石决明,6206120300207535,鲍科,石决明,贝壳,粉或碎块,盐煅,nan
紫贝齿,6206220300100000,宝贝科,紫贝齿,贝壳,nan,nan,nan
煅紫贝齿,6206220300100512,宝贝科,紫贝齿,贝壳,nan,明煅,nan
炒海螵蛸,6207130100105114,乌贼科,海螵蛸,内壳,小块,炒黄,煅乌贼骨
螃蟹壳,6209120300100000,方蟹科,螃蟹壳,甲壳,nan,nan,nan
对虾壳,6209220300100007,虾科,对虾壳,头部及甲壳,nan,nan,nan
虾壳,6209320300100004,长臂虾科,虾壳,头部及甲壳,nan,nan,nan
盐柔螵蛸,6210440100100335,螳螂科,桑螵蛸,卵鞘,nan,盐炙,nan
青娘虫,6210510100200004,芫青科,青娘虫,全体,nan,nan,生青娘虫、生青娘子
米炒青娘虫,6210510100200257,芫青科,青娘子,全体,nan,米炒,米炒青娘子
制蜂房,6210640900105114,胡蜂科,蜂房,蜂巢,块,炒黄,制露蜂房、炒露蜂房
竹蜂,6210710100100001,蜜蜂科,竹蜂,全虫,nan,nan,竹筒蜂、咸竹蜂
红娘虫,6210810100100008,蝉科,红娘虫,全体,nan,nan,生红娘虫
米炒红娘虫,6210810100100251,蝉科,红娘虫,全体,nan,米炒,nan
姜僵蚕,6210910100100340,蚕蛾科,僵蚕,全体,nan,姜制,nan
原蚕蛾,6210910100200002,蚕蛾科,原蚕蛾,雄性成虫,nan,nan,雄蚕蛾、蚕蛾公、蚕蛾
蚕蛹,6210920300100002,蚕蛾科,蚕蛹,蛹,nan,nan,nan
蚕沙,6210940100100002,蚕蛾科,蚕沙,粪便,nan,nan,蚕砂
蚕茧,6210940900100004,蚕蛾科,蚕茧,茧,nan,nan,蚕茧壳
蚕茧炭,6210940900100417,蚕蛾科,蚕茧,茧,nan,炒炭,蚕茧壳炭
紫草茸,6211040100100008,胶蚧科,紫草茸,在树枝上所分泌的胶质,nan,nan,nan
蝼蛄,6211110100100008,蝼蛄科,蝼蛄,全体,nan,nan,nan
焙蝼蛄,6211110100100800,蝼蛄科,蝼蛄,全体,nan,焙,nan
没食子,6211210100100005,没食子蜂科,没食子,幼虫,nan,nan,nan
虻虫,6211310100100002,虻科,虻虫,全体,nan,nan,nan
米炒虻虫,6211310100100255,虻科,虻虫,全体,nan,米炒,nan
炒虻虫,6211310100200115,虻科,虻虫,雌虫体,nan,炒黄,nan
蛴蜡,6211410100100009,金龟子科,蛴蜡,幼虫,nan,nan,nan
炒蛴蜡,6211410100100115,金龟子科,蛴蜡,幼虫,nan,炒黄,nan
蜣螂,6211410100200006,金龟子科,蜣螂,全体,nan,nan,nan
蟋蟀,6211510100100006,蟋蟀科,蟋蟀,全体,nan,nan,nan
黑蚂蚁,6211610100100003,蚁科,黑蚂蚁,全体,nan,nan,鼎突多刺蚁
红蚂蚁,6211610100200000,蚁科,红蚂蚁,全体,nan,nan,nan
沙牛,6211710100100000,蚁蛉科,沙牛,幼虫,nan,nan,金沙牛
鼠妇虫,6211810100100007,潮虫科,鼠妇虫,全体,nan,nan,nan
五谷虫,6211910100100004,丽蝇科,五谷虫,幼虫体,nan,nan,nan
炒五谷虫,6211910100100110,丽蝇科,五谷虫,幼虫体,nan,炒黄,炒罗仙子
金边土鳖,6212010100100000,姬蠊科,金边土鳖,虫体,nan,nan,nan
海参,6217110100100002,刺参科,海参,全体,nan,nan,nan
海星,6217210100100009,海盘车科,海星,全体,nan,nan,nan
浮海石,6218130100105004,胞孔科,浮海石,胞孔科动物脊突苔虫的骨骼,块,nan,nan
煅浮石,6218130100100511,胞孔科,浮石,胞孔科动物脊突苔虫的骨骼,nan,明煅,nan
童便,6220140100200000,人科,童便,健康男童的尿液,nan,nan,nan
人中白,6220140900205007,人科,人中白,人尿自然沉结的固体物,块,nan,nan
煅人中白,6220140900205519,人科,人中白,人尿自然沉结的固体物,块,明煅,nan
羊肉,6220210200105007,牛科,羊肉,肉,块,nan,nan
牛角尖粉,622022020010000,牛科,牛角尖粉,角尖细粉,nan,nan,nan
羚羊骨,6220220200402006,牛科,羚羊骨,角骨,薄片,nan,羚羊角骨
牛骨,622023010010000,牛科,牛骨,骨骼,nan,nan,nan
鲜羊肝,6220230200308000,牛科,鲜羊肝,肝,鲜药,nan,nan
山羊血,6220240100200007,牛科,山羊血,血,nan,nan,nan
羊草结,6220240100300004,牛科,羊草结,胃内的草结块,nan,nan,羊脑子
牛草结,622024010040000,牛科,牛草结,胃内草、毛、碱土等杂物形成的结块,nan,nan,nan
牛骨胶,6220240200100009,牛科,牛骨胶,骨骼经提取所得的干燥胶粉,nan,nan,nan
马宝,6220340100100007,马科,马宝,胃肠中的结石,nan,nan,马宝石
蒲黄炒阿胶,6220340200100273,马科,阿胶,加工品,nan,蒲黄炒,蒲黄炒驴皮胶
猪脊髓,6220530100100002,猪科,猪脊髓,脊骨髓,nan,nan,nan
猪腰子,6220530200200008,猪科,猪腰子,肾脏,nan,nan,猪肾
猪脑粉,6220530200300005,猪科,猪脑粉,脑髓加工制成的干燥粉末,nan,nan,nan
猪血粉,6220540100107000,猪科,猪血粉,血的干燥品,粉末,nan,nan
猪胆汁,6220540100200008,猪科,猪胆汁,胆汁,nan,nan,nan
鹿筋,622061020010300,鹿科,鹿筋,四肢的筋腱,厚片,nan,鹿脚筋
鹿尾,6220610200200007,鹿科,鹿尾,尾巴,nan,nan,鹿尾巴
鹿鞭,6220630200103009,鹿科,鹿鞭,雄性的外生殖器,厚片,nan,鹿肾
鹿血晶,6220640100200005,鹿科,鹿血晶,血块,nan,nan,nan
鹿胶珠,6220640200100236,鹿科,鹿角胶,加工品,nan,蛤粉炒,nan
夜明砂,6220740100100005,蝙蝠科,夜明砂,粪便,nan,nan,nan
獭肝,6220830200100002,鼬科,獭肝,肝脏,nan,nan,nan
狗骨,6220930100100000,犬科,狗骨,骨骼,nan,nan,nan
炙狗骨,6220930100100314,犬科,狗骨,骨骼,nan,酒炙,nan
狗鞭,6220930200100009,犬科,狗鞭,阴茎和睾丸,nan,nan,黄狗鞭
五灵脂,6221040100100005,語鼠科,五灵脂,粪便,nan,nan,nan
炒五灵脂,622104010010011,語鼠科,五灵脂,粪便,nan,炒黄,nan
酒五灵脂,6221040100100319,語鼠科,五灵脂,粪便,nan,酒炙,nan
醋五灵脂,6221040100100326,晤鼠科,五灵脂,粪便,nan,醋炙,nan
海狗肾,6221130200100002,海狮科,海狗肾,雄性外生殖器,nan,nan,海狗鞭
制海狗肾,6221130200100248,海狮科,海狗肾,阴茎和睾丸,nan,滑石粉烫,制海狗鞭
象皮,622122010010000,象科,象皮,皮,nan,nan,nan
制象皮,6221220100100247,象科,象皮,皮,nan,滑石粉炒,nan
象牙,622124090010000,象科,象牙,牙齿,nan,nan,nan
刺猬皮,6221320100106000,刺猬科,刺猬皮,皮,丝,nan,nan
猴骨,6221430100100004,猴科,猴骨,骨骼,nan,nan,nan
猴枣,6221440100100003,猴科,猴枣,内脏的结石,nan,nan,nan
龙涎香,6221540100107009,抹香鲸科,龙涎香,肠内分泌物的干燥品,碎块,nan,nan
望月砂,6221740100100004,兔科,望月砂,粪便,nan,nan,野兔子屎
林蛙,6223110100100003,蛙科,林蛙,全体,nan,nan,雪蛤
干蟾,6223210100100000,蟾蜍科,nan,干蟾,全体,nan,nan
蟾皮,6223220100105226,蟾蜍科,nan,蟾皮,皮,块,砂炒
乌骨鸡,6224110100100002,雉科,nan,乌骨鸡,全体,nan,nan
鸡,6224110200100001,雉科,nan,鸡,除去羽毛及内脏的全体,nan,nan
鸡睾丸,6224130200100009,雉科,nan,鸡睾丸,睾丸,nan,nan
鸡子白,6224140100100009,雉科,nan,鸡子白,蛋内干燥蛋白,nan,nan
凤凰衣,6224140100200006,雉科,nan,凤凰衣,卵膜,nan,nan
鹅胆粉,6224240100100006,鸭科,nan,鹅胆粉,胆汁干燥品,nan,nan
红毛鸡,6224310100100006,杜鹃科,nan,红毛鸡,全体,nan,nan
燕窝,6224440900100002,雨燕科,nan,燕窝,唾液及少量羽绒混合黏结所筑成的巢,nan,nan
蛇脂,6225140100100008,游蛇科,nan,蛇脂,油脂,nan,nan
龟,6225210200100007,龟科,nan,龟,除去内脏的全体,nan,nan
龟胶珠,6225240200100233,龟科,nan,龟甲胶,加工品,nan,蛤粉炒
蛇胆汁,6225340100100002,眼镜蛇科、蛭科或游蛇科,nan,蛇胆汁,胆汁,nan,nan
守宫,6225410100100002,壁虎科,nan,守宫,干燥全体,nan,nan
鳖甲胶,6225620300100966,鳖科,nan,鳖甲胶,背甲,沸水煮，去皮肉,制胶
玳瑁,6225720300100000,海龟科,nan,玳瑁,背甲,nan,nan
海蛇,6225810200100009,海蛇,去内脏全体,nan,nan,nan
马鬃蛇,6225910200104004,鬣蜥科,马鬃蛇,去内脏全体,段,nan,nan
脆蛇,6226010100100003,蛇蜥科,脆蛇,全体,nan,nan,nan
制海马,6227110200100244,海龙科,海马,去内脏动物体,nan,滑石粉炒,nan
鱼脑石,6227230100100004,石首鱼科,鱼脑石,头盖骨的耳石,nan,nan,鱼脑骨
鱼鳔,6227230200100003,石首鱼科或鲟科,鱼鳔,鱼鳔,nan,nan,鱼胶、鱼鳔胶
制鱼鳔,6227230200100232,石 首 鱼 科 或鲟科,制鱼鳔,鱼鳔,nan,蛤粉或滑石粉炒,制鱼胶、制鱼鳔胶
海麻雀,6227410100100000,海蛾鱼科,海麻雀,全体,nan,nan,海雀、海蛾、海蛾鱼
鲨鱼肉,6227510200100006,皱唇鲨科,鲨鱼肉,带皮肌肉,nan,nan,nan
鲨鱼软骨,6227530100100005,皱唇鲨科,鲨鱼软骨,内骨骼,nan,nan,nan
铁落,630011010010000,铁屑,铁落,矿物,nan,nan,生铁落、铁屑
诃子制铁屑,6300110100100995,铁屑,铁屑,矿物,nan,诃子制,nan
针砂,6308110100107002,钢的铁屑,针砂,矿物,碎屑,nan,nan
密陀僧,6310110100100008,铅 石 冶 炼 时的粗提物,密佗僧,矿物,nan,nan,nan
铅丹,6310110100200005,铅石,铅丹,加工制品,nan,nan,nan
水银,6310210100200002,辰砂族,水银,矿物,nan,nan,nan
无名异,6314210100100001,软锰矿,无名异,矿物,nan,nan,土子
玛瑙,6314310100100008,石英族,玛瑙,矿物,nan,nan,nan
白石英,6314310100207004,石英族,白石英,矿物,碎块,nan,nan
醋白石英,6314310100207325,石英族,白石英,矿物,碎块,醋制,nan
砒石,6314510100100002,砷华的矿石,砒石,矿物,nan,nan,红砒、白砒
砒霜,6314510100200009,砒 石 经 升 华所 得 到 的 精制品,砒霜,矿物,nan,nan,nan
红升丹,6314610100200006,为 水 银 、 火硝、白矾、朱砂、雄黄、皂矾 制 炼 而 成的 红 色 氧 化汞,红升丹,矿物,nan,nan,nan
醋禹余粮,6317110100107321,褐铁矿,褐铁矿,矿物,nan,醋炙,醋禹粮石
蛇含石,6317110100200008,褐铁矿,蛇含石,矿物,nan,nan,nan
煅蛇含石,6317110100200510,褐铁矿,蛇含石,矿物,nan,煅,nan
阳起石,6320110100100005,角闪石族,阳起石,矿物,nan,nan,nan
醋阳起石,6320110100100326,角闪石族,阳起石,矿物,nan,醋制,nan
煅阳起石,6320110100100517,角闪石族,阳起石,矿物,nan,明煅,nan
阴起石,6320110100200002,角闪石族,阴起石,矿物,nan,nan,nan
酒阴起石,6320110100200316,角闪石族,阴起石,矿物,nan,酒炙,nan
云母石,6322210100100000,云母族,云母石,矿物,nan,nan,nan
白石脂,6322310100200004,多水高岭石族,白石脂,矿物,nan,nan,nan
醋白石脂,6322310100200325,多 水 高 岭 石族,白石脂,矿物,nan,醋制,nan
煅白石脂,6322310100200516,多 水 高 岭 石族,白石脂,矿物,nan,明煅,nan
金精石,6322410100100004,蛭石族,金精石,矿物,nan,nan,nan
煅金精石,6322410100100516,蛭石族,金精石,矿物,nan,煅,nan
硼砂,6324110100100001,硼砂族,硼砂,矿物,nan,nan,nan
蜜炙石膏,6326110100107350,硬石膏族,石膏,矿物,粉,蜜炙,nan
玄精石,6326110100200006,石膏矿石,玄精石,矿物,nan,nan,nan
胆矾,6326510100100007,胆矾族,胆矾,矿物,nan,nan,nan
制炉甘石,6326610100107997,方解石族,炉甘石,矿物,粉,黄连汤制或三黄汤制,nan
南寒水石,6326610100305003,方解石族,南寒水石,矿物,块,nan,寒水石
铜绿,6326710100100001,铜绿,铜绿,矿物,nan,nan,nan
硝石,6328110100100007,硝石矿,硝石,矿物,nan,nan,nan
秋石,6332110100200007,食 盐 的 加 工品,秋石,矿物,nan,nan,秋石丹
白降丹,6332210100200004,氯化汞和氯化亚汞的混合结晶,白降丹,矿物,nan,nan,nan
础砂,6333310100100003,硒砂,础砂,矿物,nan,nan,nan
醋础砂,6333310100100324,硒砂,础砂,矿物,nan,醋制,nan
麦饭石,6336110100100006,喷出岩,麦饭石,矿物,nan,nan,nan
浮石,6336110100200003,喷出岩,浮石,矿物,nan,nan,nan
龙骨,6338110100105009,古代哺乳动物如三趾马、犀类、牛类、鹿类、象类等的 骨 骼 化 石或 象 类 门 齿的化石,龙骨,矿物,块,nan,nan
煅龙骨,633811010010551,古代哺乳动物如三趾马、犀类、牛类、鹿类、象类等的骨骼化石或象类门齿的化石,龙骨,矿物,块,明煅,nan
龙齿,6338110100205006,古代哺乳动物如三趾马、犀类、牛类、鹿类、象类的牙齿化石,龙齿,矿物,块,nan,nan
煅龙齿,6338110100205518,古代哺乳动物如三趾马、犀类、牛类、鹿类、象类的牙齿化石,龙齿,矿物,块,明煅,nan
石燕,6338110100305003,古生代腕足类石燕子科动物中华弓石燕及近缘动物的化石,石燕,矿物,块,nan,nan
醋石燕,6338110100305324,古生代腕足类石燕子科动物中华弓石燕及近缘动物的化石,石燕,矿物,块,醋炙,nan
煅石燕,6338110100305515,古生代腕足类石燕子科动物中华弓石燕及近缘动物的化石,石燕,矿物,块,明煅,nan
琥珀,6338110100400005,古代松科松属植物的树脂埋藏地下经年久转化而成,琥珀,矿物,nan,nan,nan
石蟹,6338110100505007,古生代节肢动物石蟹及其近缘动物的化石,石蟹,矿物,块,nan,nan
醋石蟹,6338110100505328,弓蟹科石蟹及其近缘动物的化石,石蟹,矿物,块,醋炙,nan
伏龙肝,639991010010000,多来源,伏龙肝,矿物,nan,nan,灶心黄土、灶心土
隐孔菌粉,6400210100107006,多孔菌科,隐孔菌粉,经培养获得的菌丝体,粉末,nan,nan
乳茯苓,6400210100403696,多孔菌科,茯苓,菌核,块或厚片,乳蒸,乳云苓
朱茯苓,6400210100403887,多孔菌科,茯苓,菌核,块或厚片,朱砂拌,朱云苓
茯神,6400210100505000,多孔菌科,茯神,菌核中间抱有松枝或松根的白色部分,块,nan,nan
蒸茯神,6400210100505604,多孔菌科,茯神,菌核中间抱有松枝或松根的白色部分,块,蒸,nan
朱茯神,6400210100505888,多孔菌科,茯神,菌核中间抱有松枝或松根的白色部分,块,朱砂拌,nan
茯神木,6400290100100009,多孔菌科,茯神木,菌核中间的松根,nan,nan,黄松节
灵芝孢子粉,6400290100200006,多孔菌科,灵芝孢子粉,孢子,nan,nan,nan
金蝉花,6400310100100004,麦角菌科,金蝉花,寄生在山蝉幼虫上的复合体,nan,nan,蝉花
黑木耳,6400520100100007,木耳科,黑木耳,子实体,nan,nan,木耳
黑木耳炭,6400520100100410,木耳科,黑木耳,子实体,nan,炒炭,木耳炭
香菇,6400620100100004,黑伞科或侧耳科,香菇,子实体,nan,nan,香菇柄
猴头菇,6400720100103002,齿菌科,猴头菇,子实体,厚片,nan,猴头菌
红曲,6400810100100009,曲霉科,红曲,菌丝体及孢子经人工培养，使菌丝长在粳米内部生长，使整个米粒变成红色，加工品,nan,nan,红曲米
银耳,6400920100100005,银耳科,银耳,子实体,nan,nan,白木耳
石耳,6505120100100003,石耳科,石耳,子实体,nan,nan,nan
松萝,6505210100100001,松萝科,松萝,地衣体,nan,nan,老君须
螺旋藻,6605210100100000,颤藻科,螺旋藻,藻体,nan,nan,nan
鹧鸪菜,6605310100100007,红叶藻科,鹧鸪菜,藻体,nan,nan,nan